id,gate,Timestamp
20150005030012-864,entrance0,1
20150005030012-864,entrance1,1
20150005030012-864,general-gate4,1
20150005030012-864,general-gate7,1
20150016030059-807,entrance0,1
20150016030059-807,entrance4,1
20150016030059-807,general-gate1,1
20150016030059-807,general-gate2,1
20150016030059-807,general-gate5,1
20150016030059-807,ranger-stop0,1
20150016030059-807,ranger-stop2,1
20150018070004-166,entrance3,1
20150018070004-166,entrance4,1
20150018070004-166,general-gate1,1
20150018070004-166,general-gate2,1
20150018070004-166,general-gate5,1
20150018070004-166,ranger-stop0,1
20150018070004-166,ranger-stop2,1
20150027110055-293,entrance0,1
20150027110055-293,entrance2,1
20150027110055-293,general-gate1,1
20150027110055-293,general-gate2,1
20150027110055-293,ranger-stop0,1
20150027110055-293,ranger-stop2,1
20150105060155-720,entrance2,1
20150105060155-720,entrance3,1
20150105060155-720,general-gate1,1
20150105060155-720,general-gate2,1
20150105060155-720,ranger-stop0,1
20150105060155-720,ranger-stop2,1
20150110020117-451,entrance1,1
20150110020117-451,entrance4,1
20150110020117-451,general-gate1,1
20150110020117-451,general-gate2,1
20150110020117-451,general-gate4,1
20150110020117-451,general-gate5,1
20150110020117-451,general-gate7,1
20150110020117-451,ranger-stop0,1
20150110020117-451,ranger-stop2,1
20150121120122-416,entrance1,1
20150121120122-416,entrance4,1
20150121120122-416,general-gate1,1
20150121120122-416,general-gate2,1
20150121120122-416,general-gate4,1
20150121120122-416,general-gate5,1
20150121120122-416,general-gate7,1
20150121120122-416,ranger-stop0,1
20150121120122-416,ranger-stop2,1
20150123120119-117,entrance2,1
20150123120119-117,entrance3,1
20150123120119-117,general-gate1,1
20150123120119-117,general-gate2,1
20150123120119-117,ranger-stop0,1
20150123120119-117,ranger-stop2,1
20150127090150-668,entrance1,1
20150127090150-668,entrance3,1
20150127090150-668,general-gate7,1
20150128020107-210,entrance2,1
20150128020107-210,entrance3,1
20150128020107-210,general-gate1,1
20150128020107-210,general-gate2,1
20150128020107-210,ranger-stop0,1
20150128020107-210,ranger-stop2,1
20150207040215-112,entrance1,1
20150207040215-112,entrance2,1
20150207040215-112,general-gate1,1
20150207040215-112,general-gate2,1
20150207040215-112,general-gate4,1
20150207040215-112,general-gate7,1
20150207040215-112,ranger-stop0,1
20150207040215-112,ranger-stop2,1
20150207040220-935,entrance1,1
20150207040220-935,entrance2,1
20150207040220-935,general-gate1,1
20150207040220-935,general-gate2,1
20150207040220-935,general-gate4,1
20150207040220-935,general-gate7,1
20150207040220-935,ranger-stop0,1
20150207040220-935,ranger-stop2,1
20150224080200-493,entrance2,1
20150224080200-493,entrance3,1
20150224080200-493,general-gate1,1
20150224080200-493,general-gate2,1
20150224080200-493,ranger-stop0,1
20150224080200-493,ranger-stop2,1
20150311110338-47,entrance0,1
20150311110338-47,entrance4,1
20150311110338-47,general-gate1,1
20150311110338-47,general-gate2,1
20150311110338-47,general-gate5,1
20150311110338-47,ranger-stop0,1
20150311110338-47,ranger-stop2,1
20150330100356-309,entrance2,1
20150330100356-309,entrance3,1
20150330100356-309,general-gate1,1
20150330100356-309,general-gate2,1
20150330100356-309,ranger-stop0,1
20150330100356-309,ranger-stop2,1
20150403100428-88,entrance0,1
20150403100428-88,entrance2,1
20150403100428-88,general-gate1,1
20150403100428-88,general-gate2,1
20150403100428-88,ranger-stop0,1
20150403100428-88,ranger-stop2,1
20150404030444-324,entrance1,1
20150404030444-324,entrance4,1
20150404030444-324,general-gate1,1
20150404030444-324,general-gate2,1
20150404030444-324,general-gate4,1
20150404030444-324,general-gate5,1
20150404030444-324,general-gate7,1
20150404030444-324,ranger-stop0,1
20150404030444-324,ranger-stop2,1
20150418080448-539,entrance0,1
20150418080448-539,entrance1,1
20150418080448-539,general-gate4,1
20150418080448-539,general-gate7,1
20150502120505-706,entrance2,1
20150502120505-706,entrance4,1
20150509020518-337,entrance0,1
20150509020518-337,entrance4,1
20150509020518-337,general-gate1,1
20150509020518-337,general-gate2,1
20150509020518-337,general-gate5,1
20150509020518-337,ranger-stop0,1
20150509020518-337,ranger-stop2,1
20150517070513-182,entrance0,1
20150517070513-182,entrance2,1
20150517070513-182,general-gate1,1
20150517070513-182,general-gate2,1
20150517070513-182,ranger-stop0,1
20150517070513-182,ranger-stop2,1
20150521030514-954,entrance2,1
20150521030514-954,entrance3,1
20150521030514-954,general-gate1,1
20150521030514-954,general-gate2,1
20150521030514-954,ranger-stop0,1
20150521030514-954,ranger-stop2,1
20150530010557-479,entrance2,1
20150530010557-479,entrance4,1
20150602070649-231,entrance1,1
20150602070649-231,entrance3,1
20150602070649-231,general-gate7,1
20150609050606-751,entrance3,1
20150609050606-751,entrance4,1
20150609050606-751,general-gate1,1
20150609050606-751,general-gate2,1
20150609050606-751,general-gate5,1
20150609050606-751,ranger-stop0,1
20150609050606-751,ranger-stop2,1
20150617070624-744,entrance2,1
20150617070624-744,entrance3,1
20150617070624-744,general-gate1,1
20150617070624-744,general-gate2,1
20150617070624-744,ranger-stop0,1
20150617070624-744,ranger-stop2,1
20150620050621-275,entrance1,1
20150620050621-275,entrance3,1
20150620050621-275,general-gate7,1
20150702080703-888,entrance1,1
20150702080703-888,entrance3,1
20150702080703-888,general-gate7,1
20150710060749-607,entrance2,1
20150710060749-607,entrance4,1
20150714070731-335,entrance0,1
20150714070731-335,entrance1,1
20150714070731-335,general-gate4,1
20150714070731-335,general-gate7,1
20150720050711-732,entrance0,1
20150720050711-732,entrance1,1
20150720050711-732,general-gate4,1
20150720050711-732,general-gate7,1
20150731020756-741,entrance2,1
20150731020756-741,entrance4,1
20150801120817-560,entrance0,1
20150801120817-560,entrance4,1
20150801120817-560,general-gate1,1
20150801120817-560,general-gate2,1
20150801120817-560,general-gate5,1
20150801120817-560,ranger-stop0,1
20150801120817-560,ranger-stop2,1
20150804070850-234,entrance0,1
20150804070850-234,entrance2,1
20150804070850-234,general-gate1,1
20150804070850-234,general-gate2,1
20150804070850-234,ranger-stop0,1
20150804070850-234,ranger-stop2,1
20150811030849-496,entrance2,1
20150811030849-496,entrance4,1
20150815030847-272,entrance2,1
20150815030847-272,entrance4,1
20150820030842-112,entrance1,1
20150820030842-112,entrance4,1
20150820030842-112,general-gate1,1
20150820030842-112,general-gate2,1
20150820030842-112,general-gate4,1
20150820030842-112,general-gate5,1
20150820030842-112,general-gate7,1
20150820030842-112,ranger-stop0,1
20150820030842-112,ranger-stop2,1
20150920030922-437,entrance0,1
20150920030922-437,entrance1,1
20150920030922-437,general-gate4,1
20150920030922-437,general-gate7,1
20150923050917-917,entrance0,1
20150923050917-917,entrance3,1
20150926030958-715,entrance0,1
20150926030958-715,entrance1,1
20150926030958-715,general-gate4,1
20150926030958-715,general-gate7,1
20150926080925-674,entrance3,1
20150926080925-674,entrance4,1
20150926080925-674,general-gate1,1
20150926080925-674,general-gate2,1
20150926080925-674,general-gate5,1
20150926080925-674,ranger-stop0,1
20150926080925-674,ranger-stop2,1
20151006071004-39,entrance0,1
20151006071004-39,entrance3,1
20151008041030-931,entrance2,1
20151008041030-931,entrance3,1
20151008041030-931,general-gate1,1
20151008041030-931,general-gate2,1
20151008041030-931,ranger-stop0,1
20151008041030-931,ranger-stop2,1
20151024021019-274,entrance1,1
20151024021019-274,entrance2,1
20151024021019-274,general-gate1,1
20151024021019-274,general-gate2,1
20151024021019-274,general-gate4,1
20151024021019-274,general-gate7,1
20151024021019-274,ranger-stop0,1
20151024021019-274,ranger-stop2,1
20151107111143-376,entrance0,1
20151107111143-376,entrance3,1
20151110071151-915,entrance0,1
20151110071151-915,entrance1,1
20151110071151-915,general-gate4,1
20151110071151-915,general-gate7,1
20151112061151-995,entrance2,1
20151112061151-995,entrance4,1
20151211101209-170,entrance1,1
20151211101209-170,entrance4,1
20151211101209-170,general-gate1,1
20151211101209-170,general-gate2,1
20151211101209-170,general-gate4,1
20151211101209-170,general-gate5,1
20151211101209-170,general-gate7,1
20151211101209-170,ranger-stop0,1
20151211101209-170,ranger-stop2,1
20151211111220-922,entrance3,1
20151211111220-922,entrance4,1
20151211111220-922,general-gate1,1
20151211111220-922,general-gate2,1
20151211111220-922,general-gate5,1
20151211111220-922,ranger-stop0,1
20151211111220-922,ranger-stop2,1
20151214111219-521,entrance0,1
20151214111219-521,entrance3,1
20151216111200-357,entrance1,1
20151216111200-357,entrance3,1
20151216111200-357,general-gate7,1
20151217011215-52,entrance0,1
20151217011215-52,entrance1,1
20151217011215-52,general-gate4,1
20151217011215-52,general-gate7,1
20151302121324-471,entrance3,1
20151302121324-471,entrance4,1
20151302121324-471,general-gate1,1
20151302121324-471,general-gate2,1
20151302121324-471,general-gate5,1
20151302121324-471,ranger-stop0,1
20151302121324-471,ranger-stop2,1
20151317011327-569,entrance0,1
20151317011327-569,entrance4,1
20151317011327-569,general-gate1,1
20151317011327-569,general-gate2,1
20151317011327-569,general-gate5,1
20151317011327-569,ranger-stop0,1
20151317011327-569,ranger-stop2,1
20151321031350-156,entrance2,1
20151321031350-156,entrance4,1
20151329081357-856,entrance1,1
20151329081357-856,entrance2,1
20151329081357-856,general-gate1,1
20151329081357-856,general-gate2,1
20151329081357-856,general-gate4,1
20151329081357-856,general-gate7,1
20151329081357-856,ranger-stop0,1
20151329081357-856,ranger-stop2,1
20151408071439-232,entrance0,1
20151408071439-232,entrance1,1
20151408071439-232,general-gate4,1
20151408071439-232,general-gate7,1
20151416071408-519,entrance1,1
20151416071408-519,entrance2,1
20151416071408-519,general-gate1,1
20151416071408-519,general-gate2,1
20151416071408-519,general-gate4,1
20151416071408-519,general-gate7,1
20151416071408-519,ranger-stop0,1
20151416071408-519,ranger-stop2,1
20151424041436-899,entrance2,1
20151424041436-899,entrance4,1
20151431051447-636,entrance1,1
20151431051447-636,entrance3,1
20151431051447-636,general-gate7,1
20151517101525-353,entrance2,1
20151517101525-353,entrance3,1
20151517101525-353,general-gate1,1
20151517101525-353,general-gate2,1
20151517101525-353,ranger-stop0,1
20151517101525-353,ranger-stop2,1
20151525031501-300,entrance1,1
20151525031501-300,entrance2,1
20151525031501-300,general-gate1,1
20151525031501-300,general-gate2,1
20151525031501-300,general-gate4,1
20151525031501-300,general-gate7,1
20151525031501-300,ranger-stop0,1
20151525031501-300,ranger-stop2,1
20151528021553-459,entrance1,1
20151528021553-459,entrance4,1
20151528021553-459,general-gate1,1
20151528021553-459,general-gate2,1
20151528021553-459,general-gate4,1
20151528021553-459,general-gate5,1
20151528021553-459,general-gate7,1
20151528021553-459,ranger-stop0,1
20151528021553-459,ranger-stop2,1
20151605061605-159,entrance0,1
20151605061605-159,entrance4,1
20151605061605-159,general-gate1,1
20151605061605-159,general-gate2,1
20151605061605-159,general-gate5,1
20151605061605-159,ranger-stop0,1
20151605061605-159,ranger-stop2,1
20151611061644-777,entrance0,1
20151611061644-777,entrance1,1
20151611061644-777,general-gate4,1
20151611061644-777,general-gate7,1
20151611121645-733,entrance2,1
20151611121645-733,entrance4,1
20151623111635-221,entrance0,1
20151623111635-221,entrance1,1
20151623111635-221,general-gate4,1
20151623111635-221,general-gate7,1
20151624071616-309,entrance0,1
20151624071616-309,entrance4,1
20151624071616-309,general-gate1,1
20151624071616-309,general-gate2,1
20151624071616-309,general-gate5,1
20151624071616-309,ranger-stop0,1
20151624071616-309,ranger-stop2,1
20151701021715-940,entrance1,1
20151701021715-940,entrance3,1
20151701021715-940,general-gate7,1
20151701111735-536,entrance0,1
20151701111735-536,entrance2,1
20151701111735-536,general-gate1,1
20151701111735-536,general-gate2,1
20151701111735-536,ranger-stop0,1
20151701111735-536,ranger-stop2,1
20151703041708-748,entrance2,1
20151703041708-748,entrance3,1
20151703041708-748,general-gate1,1
20151703041708-748,general-gate2,1
20151703041708-748,ranger-stop0,1
20151703041708-748,ranger-stop2,1
20151709121709-263,entrance2,1
20151709121709-263,entrance4,1
20151712101734-998,entrance1,1
20151712101734-998,entrance3,1
20151712101734-998,general-gate7,1
20151728091731-964,entrance0,1
20151728091731-964,entrance4,1
20151728091731-964,general-gate1,1
20151728091731-964,general-gate2,1
20151728091731-964,general-gate5,1
20151728091731-964,ranger-stop0,1
20151728091731-964,ranger-stop2,1
20151729111740-777,entrance3,1
20151729111740-777,entrance4,1
20151729111740-777,general-gate1,1
20151729111740-777,general-gate2,1
20151729111740-777,general-gate5,1
20151729111740-777,ranger-stop0,1
20151729111740-777,ranger-stop2,1
20151821121835-92,entrance3,1
20151821121835-92,entrance4,1
20151821121835-92,general-gate1,1
20151821121835-92,general-gate2,1
20151821121835-92,general-gate5,1
20151821121835-92,ranger-stop0,1
20151821121835-92,ranger-stop2,1
20151825021808-12,entrance0,1
20151825021808-12,entrance2,1
20151825021808-12,general-gate1,1
20151825021808-12,general-gate2,1
20151825021808-12,ranger-stop0,1
20151825021808-12,ranger-stop2,1
20151905121909-811,entrance2,1
20151905121909-811,entrance4,1
20151914071955-759,entrance0,1
20151914071955-759,entrance1,1
20151914071955-759,general-gate4,1
20151914071955-759,general-gate7,1
20151914121939-186,entrance1,1
20151914121939-186,entrance4,1
20151914121939-186,general-gate1,1
20151914121939-186,general-gate2,1
20151914121939-186,general-gate4,1
20151914121939-186,general-gate5,1
20151914121939-186,general-gate7,1
20151914121939-186,ranger-stop0,1
20151914121939-186,ranger-stop2,1
20151927081956-902,entrance1,1
20151927081956-902,entrance3,1
20151927081956-902,general-gate7,1
20152001022009-663,entrance1,1
20152001022009-663,entrance2,1
20152001022009-663,general-gate1,1
20152001022009-663,general-gate2,1
20152001022009-663,general-gate4,1
20152001022009-663,general-gate7,1
20152001022009-663,ranger-stop0,1
20152001022009-663,ranger-stop2,1
20152106102137-170,entrance0,1
20152106102137-170,entrance1,1
20152106102137-170,general-gate4,1
20152106102137-170,general-gate7,1
20152121072132-648,entrance2,1
20152121072132-648,entrance3,1
20152121072132-648,general-gate1,1
20152121072132-648,general-gate2,1
20152121072132-648,ranger-stop0,1
20152121072132-648,ranger-stop2,1
20152128082122-345,entrance0,1
20152128082122-345,entrance3,1
20152228012232-73,entrance2,1
20152228012232-73,entrance3,1
20152228012232-73,general-gate1,1
20152228012232-73,general-gate2,1
20152228012232-73,ranger-stop0,1
20152228012232-73,ranger-stop2,1
20152229102207-462,entrance2,1
20152229102207-462,entrance3,1
20152229102207-462,general-gate1,1
20152229102207-462,general-gate2,1
20152229102207-462,ranger-stop0,1
20152229102207-462,ranger-stop2,1
20152312032306-68,entrance1,1
20152312032306-68,entrance4,1
20152312032306-68,general-gate1,1
20152312032306-68,general-gate2,1
20152312032306-68,general-gate4,1
20152312032306-68,general-gate5,1
20152312032306-68,general-gate7,1
20152312032306-68,ranger-stop0,1
20152312032306-68,ranger-stop2,1
20152312032331-150,entrance3,1
20152312032331-150,entrance4,1
20152312032331-150,general-gate1,1
20152312032331-150,general-gate2,1
20152312032331-150,general-gate5,1
20152312032331-150,ranger-stop0,1
20152312032331-150,ranger-stop2,1
20152312072343-139,entrance1,1
20152312072343-139,entrance4,1
20152312072343-139,general-gate1,1
20152312072343-139,general-gate2,1
20152312072343-139,general-gate4,1
20152312072343-139,general-gate5,1
20152312072343-139,general-gate7,1
20152312072343-139,ranger-stop0,1
20152312072343-139,ranger-stop2,1
20152312102355-589,entrance1,1
20152312102355-589,entrance4,1
20152312102355-589,general-gate1,1
20152312102355-589,general-gate2,1
20152312102355-589,general-gate4,1
20152312102355-589,general-gate5,1
20152312102355-589,general-gate7,1
20152312102355-589,ranger-stop0,1
20152312102355-589,ranger-stop2,1
20152313112315-738,entrance1,1
20152313112315-738,entrance2,1
20152313112315-738,general-gate1,1
20152313112315-738,general-gate2,1
20152313112315-738,general-gate4,1
20152313112315-738,general-gate7,1
20152313112315-738,ranger-stop0,1
20152313112315-738,ranger-stop2,1
20152320032305-961,entrance3,1
20152320032305-961,entrance4,1
20152320032305-961,general-gate1,1
20152320032305-961,general-gate2,1
20152320032305-961,general-gate5,1
20152320032305-961,ranger-stop0,1
20152320032305-961,ranger-stop2,1
20152320062307-304,entrance1,1
20152320062307-304,entrance2,1
20152320062307-304,general-gate1,1
20152320062307-304,general-gate2,1
20152320062307-304,general-gate4,1
20152320062307-304,general-gate7,1
20152320062307-304,ranger-stop0,1
20152320062307-304,ranger-stop2,1
20152328052331-12,entrance1,1
20152328052331-12,entrance3,1
20152328052331-12,general-gate7,1
20152330072319-809,entrance0,1
20152330072319-809,entrance2,1
20152330072319-809,general-gate1,1
20152330072319-809,general-gate2,1
20152330072319-809,ranger-stop0,1
20152330072319-809,ranger-stop2,1
20152331112333-23,entrance0,1
20152331112333-23,entrance1,1
20152331112333-23,general-gate4,1
20152331112333-23,general-gate7,1
20152403092450-889,entrance0,1
20152403092450-889,entrance3,1
20152423052446-168,entrance0,1
20152423052446-168,entrance2,1
20152423052446-168,general-gate1,1
20152423052446-168,general-gate2,1
20152423052446-168,ranger-stop0,1
20152423052446-168,ranger-stop2,1
20152425102452-494,entrance3,1
20152425102452-494,entrance4,1
20152425102452-494,general-gate1,1
20152425102452-494,general-gate2,1
20152425102452-494,general-gate5,1
20152425102452-494,ranger-stop0,1
20152425102452-494,ranger-stop2,1
20152504102521-438,entrance1,1
20152504102521-438,entrance4,1
20152504102521-438,general-gate1,1
20152504102521-438,general-gate2,1
20152504102521-438,general-gate4,1
20152504102521-438,general-gate5,1
20152504102521-438,general-gate7,1
20152504102521-438,ranger-stop0,1
20152504102521-438,ranger-stop2,1
20152515022548-940,entrance0,1
20152515022548-940,entrance2,1
20152515022548-940,general-gate1,1
20152515022548-940,general-gate2,1
20152515022548-940,ranger-stop0,1
20152515022548-940,ranger-stop2,1
20152516042540-669,entrance0,1
20152516042540-669,entrance2,1
20152516042540-669,general-gate1,1
20152516042540-669,general-gate2,1
20152516042540-669,ranger-stop0,1
20152516042540-669,ranger-stop2,1
20152608082651-981,entrance1,1
20152608082651-981,entrance2,1
20152608082651-981,general-gate1,1
20152608082651-981,general-gate2,1
20152608082651-981,general-gate4,1
20152608082651-981,general-gate7,1
20152608082651-981,ranger-stop0,1
20152608082651-981,ranger-stop2,1
20152623122622-438,entrance0,1
20152623122622-438,entrance2,1
20152623122622-438,general-gate1,1
20152623122622-438,general-gate2,1
20152623122622-438,ranger-stop0,1
20152623122622-438,ranger-stop2,1
20152625042644-584,entrance0,1
20152625042644-584,entrance2,1
20152625042644-584,general-gate1,1
20152625042644-584,general-gate2,1
20152625042644-584,ranger-stop0,1
20152625042644-584,ranger-stop2,1
20152625072619-375,entrance2,1
20152625072619-375,entrance3,1
20152625072619-375,general-gate1,1
20152625072619-375,general-gate2,1
20152625072619-375,ranger-stop0,1
20152625072619-375,ranger-stop2,1
20152626062634-704,entrance1,1
20152626062634-704,entrance4,1
20152626062634-704,general-gate1,1
20152626062634-704,general-gate2,1
20152626062634-704,general-gate4,1
20152626062634-704,general-gate5,1
20152626062634-704,general-gate7,1
20152626062634-704,ranger-stop0,1
20152626062634-704,ranger-stop2,1
20152627042635-754,entrance0,1
20152627042635-754,entrance2,1
20152627042635-754,general-gate1,1
20152627042635-754,general-gate2,1
20152627042635-754,ranger-stop0,1
20152627042635-754,ranger-stop2,1
20152706102758-465,entrance1,1
20152706102758-465,entrance3,1
20152706102758-465,general-gate7,1
20152720112757-579,entrance2,1
20152720112757-579,entrance4,1
20152721052714-57,entrance3,1
20152721052714-57,entrance4,1
20152721052714-57,general-gate1,1
20152721052714-57,general-gate2,1
20152721052714-57,general-gate5,1
20152721052714-57,ranger-stop0,1
20152721052714-57,ranger-stop2,1
20152811072814-668,entrance0,1
20152811072814-668,entrance4,1
20152811072814-668,general-gate1,1
20152811072814-668,general-gate2,1
20152811072814-668,general-gate5,1
20152811072814-668,ranger-stop0,1
20152811072814-668,ranger-stop2,1
20152820012852-467,entrance0,1
20152820012852-467,entrance2,1
20152820012852-467,general-gate1,1
20152820012852-467,general-gate2,1
20152820012852-467,ranger-stop0,1
20152820012852-467,ranger-stop2,1
20152829102821-746,entrance0,1
20152829102821-746,entrance3,1
20152910102951-587,entrance3,1
20152910102951-587,entrance4,1
20152910102951-587,general-gate1,1
20152910102951-587,general-gate2,1
20152910102951-587,general-gate5,1
20152910102951-587,ranger-stop0,1
20152910102951-587,ranger-stop2,1
20152913022951-47,entrance2,1
20152913022951-47,entrance3,1
20152913022951-47,general-gate1,1
20152913022951-47,general-gate2,1
20152913022951-47,ranger-stop0,1
20152913022951-47,ranger-stop2,1
20152923052902-547,entrance1,1
20152923052902-547,entrance3,1
20152923052902-547,general-gate7,1
20153002063039-806,entrance0,1
20153002063039-806,entrance3,1
20153012113024-266,entrance2,1
20153012113024-266,entrance3,1
20153012113024-266,general-gate1,1
20153012113024-266,general-gate2,1
20153012113024-266,ranger-stop0,1
20153012113024-266,ranger-stop2,1
20153015033000-7,entrance2,1
20153015033000-7,entrance4,1
20153019093018-945,entrance0,1
20153019093018-945,entrance3,1
20153021053027-65,entrance0,1
20153021053027-65,entrance3,1
20153025103006-956,entrance0,1
20153025103006-956,entrance1,1
20153025103006-956,general-gate4,1
20153025103006-956,general-gate7,1
20153030033044-689,entrance1,1
20153030033044-689,entrance2,1
20153030033044-689,general-gate1,1
20153030033044-689,general-gate2,1
20153030033044-689,general-gate4,1
20153030033044-689,general-gate7,1
20153030033044-689,ranger-stop0,1
20153030033044-689,ranger-stop2,1
20153103063147-856,entrance0,1
20153103063147-856,entrance3,1
20153104043123-774,entrance1,1
20153104043123-774,entrance3,1
20153104043123-774,general-gate7,1
20153107123115-491,entrance2,1
20153107123115-491,entrance3,1
20153107123115-491,general-gate1,1
20153107123115-491,general-gate2,1
20153107123115-491,ranger-stop0,1
20153107123115-491,ranger-stop2,1
20153116123133-925,entrance0,1
20153116123133-925,entrance1,1
20153116123133-925,general-gate4,1
20153116123133-925,general-gate7,1
20153118013109-314,entrance0,1
20153118013109-314,entrance3,1
20153125043107-174,entrance2,1
20153125043107-174,entrance3,1
20153125043107-174,general-gate1,1
20153125043107-174,general-gate2,1
20153125043107-174,ranger-stop0,1
20153125043107-174,ranger-stop2,1
20153130073131-870,entrance1,1
20153130073131-870,entrance4,1
20153130073131-870,general-gate1,1
20153130073131-870,general-gate2,1
20153130073131-870,general-gate4,1
20153130073131-870,general-gate5,1
20153130073131-870,general-gate7,1
20153130073131-870,ranger-stop0,1
20153130073131-870,ranger-stop2,1
20153201103225-274,entrance2,1
20153201103225-274,entrance3,1
20153201103225-274,general-gate1,1
20153201103225-274,general-gate2,1
20153201103225-274,ranger-stop0,1
20153201103225-274,ranger-stop2,1
20153203123245-617,entrance1,1
20153203123245-617,entrance4,1
20153203123245-617,general-gate1,1
20153203123245-617,general-gate2,1
20153203123245-617,general-gate4,1
20153203123245-617,general-gate5,1
20153203123245-617,general-gate7,1
20153203123245-617,ranger-stop0,1
20153203123245-617,ranger-stop2,1
20153210103256-708,entrance1,1
20153210103256-708,entrance4,1
20153210103256-708,general-gate1,1
20153210103256-708,general-gate2,1
20153210103256-708,general-gate4,1
20153210103256-708,general-gate5,1
20153210103256-708,general-gate7,1
20153210103256-708,ranger-stop0,1
20153210103256-708,ranger-stop2,1
20153212043209-241,entrance2,1
20153212043209-241,entrance3,1
20153212043209-241,general-gate1,1
20153212043209-241,general-gate2,1
20153212043209-241,ranger-stop0,1
20153212043209-241,ranger-stop2,1
20153212113214-388,entrance0,1
20153212113214-388,entrance3,1
20153217073200-777,entrance0,1
20153217073200-777,entrance2,1
20153217073200-777,general-gate1,1
20153217073200-777,general-gate2,1
20153217073200-777,ranger-stop0,1
20153217073200-777,ranger-stop2,1
20153310033330-587,entrance2,1
20153310033330-587,entrance3,1
20153310033330-587,general-gate1,1
20153310033330-587,general-gate2,1
20153310033330-587,ranger-stop0,1
20153310033330-587,ranger-stop2,1
20153319033341-735,entrance2,1
20153319033341-735,entrance4,1
20153321073309-380,entrance0,1
20153321073309-380,entrance2,1
20153321073309-380,general-gate1,1
20153321073309-380,general-gate2,1
20153321073309-380,ranger-stop0,1
20153321073309-380,ranger-stop2,1
20153323073317-261,entrance1,1
20153323073317-261,entrance2,1
20153323073317-261,general-gate1,1
20153323073317-261,general-gate2,1
20153323073317-261,general-gate4,1
20153323073317-261,general-gate7,1
20153323073317-261,ranger-stop0,1
20153323073317-261,ranger-stop2,1
20153404073422-204,entrance0,1
20153404073422-204,entrance4,1
20153404073422-204,general-gate1,1
20153404073422-204,general-gate2,1
20153404073422-204,general-gate5,1
20153404073422-204,ranger-stop0,1
20153404073422-204,ranger-stop2,1
20153408043435-960,entrance1,1
20153408043435-960,entrance4,1
20153408043435-960,general-gate1,1
20153408043435-960,general-gate2,1
20153408043435-960,general-gate4,1
20153408043435-960,general-gate5,1
20153408043435-960,general-gate7,1
20153408043435-960,ranger-stop0,1
20153408043435-960,ranger-stop2,1
20153416033407-294,entrance1,1
20153416033407-294,entrance2,1
20153416033407-294,general-gate1,1
20153416033407-294,general-gate2,1
20153416033407-294,general-gate4,1
20153416033407-294,general-gate7,1
20153416033407-294,ranger-stop0,1
20153416033407-294,ranger-stop2,1
20153420113429-940,entrance1,1
20153420113429-940,entrance4,1
20153420113429-940,general-gate1,1
20153420113429-940,general-gate2,1
20153420113429-940,general-gate4,1
20153420113429-940,general-gate5,1
20153420113429-940,general-gate7,1
20153420113429-940,ranger-stop0,1
20153420113429-940,ranger-stop2,1
20153421083420-150,entrance0,1
20153421083420-150,entrance1,1
20153421083420-150,general-gate4,1
20153421083420-150,general-gate7,1
20153424013414-84,entrance0,1
20153424013414-84,entrance1,1
20153424013414-84,general-gate4,1
20153424013414-84,general-gate7,1
20153431073409-48,entrance0,1
20153431073409-48,entrance4,1
20153431073409-48,general-gate1,1
20153431073409-48,general-gate2,1
20153431073409-48,general-gate5,1
20153431073409-48,ranger-stop0,1
20153431073409-48,ranger-stop2,1
20153503083518-692,entrance2,1
20153503083518-692,entrance4,1
20153508073510-838,entrance1,1
20153508073510-838,entrance4,1
20153508073510-838,general-gate1,1
20153508073510-838,general-gate2,1
20153508073510-838,general-gate4,1
20153508073510-838,general-gate5,1
20153508073510-838,general-gate7,1
20153508073510-838,ranger-stop0,1
20153508073510-838,ranger-stop2,1
20153508083556-759,entrance2,1
20153508083556-759,entrance4,1
20153508093525-159,entrance0,1
20153508093525-159,entrance2,1
20153508093525-159,general-gate1,1
20153508093525-159,general-gate2,1
20153508093525-159,ranger-stop0,1
20153508093525-159,ranger-stop2,1
20153511083503-854,entrance3,1
20153511083503-854,entrance4,1
20153511083503-854,general-gate1,1
20153511083503-854,general-gate2,1
20153511083503-854,general-gate5,1
20153511083503-854,ranger-stop0,1
20153511083503-854,ranger-stop2,1
20153512093515-115,entrance0,1
20153512093515-115,entrance4,1
20153512093515-115,general-gate1,1
20153512093515-115,general-gate2,1
20153512093515-115,general-gate5,1
20153512093515-115,ranger-stop0,1
20153512093515-115,ranger-stop2,1
20153520073559-143,entrance1,1
20153520073559-143,entrance2,1
20153520073559-143,general-gate1,1
20153520073559-143,general-gate2,1
20153520073559-143,general-gate4,1
20153520073559-143,general-gate7,1
20153520073559-143,ranger-stop0,1
20153520073559-143,ranger-stop2,1
20153525123548-424,entrance2,1
20153525123548-424,entrance3,1
20153525123548-424,general-gate1,1
20153525123548-424,general-gate2,1
20153525123548-424,ranger-stop0,1
20153525123548-424,ranger-stop2,1
20153604113655-937,entrance1,1
20153604113655-937,entrance2,1
20153604113655-937,general-gate1,1
20153604113655-937,general-gate2,1
20153604113655-937,general-gate4,1
20153604113655-937,general-gate7,1
20153604113655-937,ranger-stop0,1
20153604113655-937,ranger-stop2,1
20153606073654-459,entrance0,1
20153606073654-459,entrance3,1
20153613113604-266,entrance2,1
20153613113604-266,entrance3,1
20153613113604-266,general-gate1,1
20153613113604-266,general-gate2,1
20153613113604-266,ranger-stop0,1
20153613113604-266,ranger-stop2,1
20153614093623-198,entrance1,1
20153614093623-198,entrance2,1
20153614093623-198,general-gate1,1
20153614093623-198,general-gate2,1
20153614093623-198,general-gate4,1
20153614093623-198,general-gate7,1
20153614093623-198,ranger-stop0,1
20153614093623-198,ranger-stop2,1
20153622013612-921,entrance1,1
20153622013612-921,entrance3,1
20153622013612-921,general-gate7,1
20153626033657-418,entrance0,1
20153626033657-418,entrance3,1
20153702023707-936,entrance0,1
20153702023707-936,entrance4,1
20153702023707-936,general-gate1,1
20153702023707-936,general-gate2,1
20153702023707-936,general-gate5,1
20153702023707-936,ranger-stop0,1
20153702023707-936,ranger-stop2,1
20153704023750-346,entrance1,1
20153704023750-346,entrance2,1
20153704023750-346,general-gate1,1
20153704023750-346,general-gate2,1
20153704023750-346,general-gate4,1
20153704023750-346,general-gate7,1
20153704023750-346,ranger-stop0,1
20153704023750-346,ranger-stop2,1
20153711053713-630,entrance2,1
20153711053713-630,entrance4,1
20153714063741-679,entrance2,1
20153714063741-679,entrance3,1
20153714063741-679,general-gate1,1
20153714063741-679,general-gate2,1
20153714063741-679,ranger-stop0,1
20153714063741-679,ranger-stop2,1
20153717043711-283,entrance1,1
20153717043711-283,entrance2,1
20153717043711-283,general-gate1,1
20153717043711-283,general-gate2,1
20153717043711-283,general-gate4,1
20153717043711-283,general-gate7,1
20153717043711-283,ranger-stop0,1
20153717043711-283,ranger-stop2,1
20153718023711-582,entrance1,1
20153718023711-582,entrance2,1
20153718023711-582,general-gate1,1
20153718023711-582,general-gate2,1
20153718023711-582,general-gate4,1
20153718023711-582,general-gate7,1
20153718023711-582,ranger-stop0,1
20153718023711-582,ranger-stop2,1
20153721043708-165,entrance1,1
20153721043708-165,entrance2,1
20153721043708-165,general-gate1,1
20153721043708-165,general-gate2,1
20153721043708-165,general-gate4,1
20153721043708-165,general-gate7,1
20153721043708-165,ranger-stop0,1
20153721043708-165,ranger-stop2,1
20153724023750-556,entrance2,1
20153724023750-556,entrance4,1
20153725073717-829,entrance0,1
20153725073717-829,entrance4,1
20153725073717-829,general-gate1,1
20153725073717-829,general-gate2,1
20153725073717-829,general-gate5,1
20153725073717-829,ranger-stop0,1
20153725073717-829,ranger-stop2,1
20153729073721-666,entrance0,1
20153729073721-666,entrance3,1
20153810033828-103,entrance3,1
20153810033828-103,entrance4,1
20153810033828-103,general-gate1,1
20153810033828-103,general-gate2,1
20153810033828-103,general-gate5,1
20153810033828-103,ranger-stop0,1
20153810033828-103,ranger-stop2,1
20153831053831-162,entrance2,1
20153831053831-162,entrance3,1
20153831053831-162,general-gate1,1
20153831053831-162,general-gate2,1
20153831053831-162,ranger-stop0,1
20153831053831-162,ranger-stop2,1
20153901113955-499,entrance0,1
20153901113955-499,entrance4,1
20153901113955-499,general-gate1,1
20153901113955-499,general-gate2,1
20153901113955-499,general-gate5,1
20153901113955-499,ranger-stop0,1
20153901113955-499,ranger-stop2,1
20153901123959-526,entrance1,1
20153901123959-526,entrance4,1
20153901123959-526,general-gate1,1
20153901123959-526,general-gate2,1
20153901123959-526,general-gate4,1
20153901123959-526,general-gate5,1
20153901123959-526,general-gate7,1
20153901123959-526,ranger-stop0,1
20153901123959-526,ranger-stop2,1
20153905053924-916,entrance0,1
20153905053924-916,entrance2,1
20153905053924-916,general-gate1,1
20153905053924-916,general-gate2,1
20153905053924-916,ranger-stop0,1
20153905053924-916,ranger-stop2,1
20153913033930-161,entrance2,1
20153913033930-161,entrance3,1
20153913033930-161,general-gate1,1
20153913033930-161,general-gate2,1
20153913033930-161,ranger-stop0,1
20153913033930-161,ranger-stop2,1
20153914053936-509,entrance1,1
20153914053936-509,entrance3,1
20153914053936-509,general-gate7,1
20153915033936-509,entrance1,1
20153915033936-509,entrance2,1
20153915033936-509,general-gate1,1
20153915033936-509,general-gate2,1
20153915033936-509,general-gate4,1
20153915033936-509,general-gate7,1
20153915033936-509,ranger-stop0,1
20153915033936-509,ranger-stop2,1
20153919063905-813,entrance2,1
20153919063905-813,entrance3,1
20153919063905-813,general-gate1,1
20153919063905-813,general-gate2,1
20153919063905-813,ranger-stop0,1
20153919063905-813,ranger-stop2,1
20153922093935-861,entrance0,1
20153922093935-861,entrance2,1
20153922093935-861,general-gate1,1
20153922093935-861,general-gate2,1
20153922093935-861,ranger-stop0,1
20153922093935-861,ranger-stop2,1
20153922113912-625,entrance0,1
20153922113912-625,entrance3,1
20153927073957-20,entrance0,1
20153927073957-20,entrance4,1
20153927073957-20,general-gate1,1
20153927073957-20,general-gate2,1
20153927073957-20,general-gate5,1
20153927073957-20,ranger-stop0,1
20153927073957-20,ranger-stop2,1
20154001024033-540,entrance2,1
20154001024033-540,entrance4,1
20154003034013-605,entrance0,1
20154003034013-605,entrance1,1
20154003034013-605,general-gate4,1
20154003034013-605,general-gate7,1
20154003074043-575,entrance0,1
20154003074043-575,entrance3,1
20154013074053-753,entrance0,1
20154013074053-753,entrance4,1
20154013074053-753,general-gate1,1
20154013074053-753,general-gate2,1
20154013074053-753,general-gate5,1
20154013074053-753,ranger-stop0,1
20154013074053-753,ranger-stop2,1
20154014114045-845,entrance2,1
20154014114045-845,entrance4,1
20154024074003-16,entrance1,1
20154024074003-16,entrance3,1
20154024074003-16,general-gate7,1
20154027054016-842,entrance0,1
20154027054016-842,entrance1,1
20154027054016-842,general-gate4,1
20154027054016-842,general-gate7,1
20154101104121-957,entrance3,1
20154101104121-957,entrance4,1
20154101104121-957,general-gate1,1
20154101104121-957,general-gate2,1
20154101104121-957,general-gate5,1
20154101104121-957,ranger-stop0,1
20154101104121-957,ranger-stop2,1
20154109044143-428,entrance1,1
20154109044143-428,entrance4,1
20154109044143-428,general-gate1,1
20154109044143-428,general-gate2,1
20154109044143-428,general-gate4,1
20154109044143-428,general-gate5,1
20154109044143-428,general-gate7,1
20154109044143-428,ranger-stop0,1
20154109044143-428,ranger-stop2,1
20154118084103-860,entrance0,1
20154118084103-860,entrance4,1
20154118084103-860,general-gate1,1
20154118084103-860,general-gate2,1
20154118084103-860,general-gate5,1
20154118084103-860,ranger-stop0,1
20154118084103-860,ranger-stop2,1
20154125114130-0,entrance2,1
20154125114130-0,entrance3,1
20154125114130-0,general-gate1,1
20154125114130-0,general-gate2,1
20154125114130-0,ranger-stop0,1
20154125114130-0,ranger-stop2,1
20154201074239-730,entrance3,1
20154201074239-730,entrance4,1
20154201074239-730,general-gate1,1
20154201074239-730,general-gate2,1
20154201074239-730,general-gate5,1
20154201074239-730,ranger-stop0,1
20154201074239-730,ranger-stop2,1
20154207094232-699,entrance2,1
20154207094232-699,entrance4,1
20154209034251-421,entrance0,1
20154209034251-421,entrance3,1
20154213024205-43,entrance0,1
20154213024205-43,entrance1,1
20154213024205-43,general-gate4,1
20154213024205-43,general-gate7,1
20154216034241-337,entrance1,1
20154216034241-337,entrance3,1
20154216034241-337,general-gate7,1
20154219014209-728,entrance0,1
20154219014209-728,entrance1,1
20154219014209-728,general-gate4,1
20154219014209-728,general-gate7,1
20154227024229-598,entrance0,1
20154227024229-598,entrance1,1
20154227024229-598,general-gate4,1
20154227024229-598,general-gate7,1
20154304074354-660,entrance1,1
20154304074354-660,entrance3,1
20154304074354-660,general-gate7,1
20154305114351-64,entrance1,1
20154305114351-64,entrance2,1
20154305114351-64,general-gate1,1
20154305114351-64,general-gate2,1
20154305114351-64,general-gate4,1
20154305114351-64,general-gate7,1
20154305114351-64,ranger-stop0,1
20154305114351-64,ranger-stop2,1
20154309064344-904,entrance1,1
20154309064344-904,entrance4,1
20154309064344-904,general-gate1,1
20154309064344-904,general-gate2,1
20154309064344-904,general-gate4,1
20154309064344-904,general-gate5,1
20154309064344-904,general-gate7,1
20154309064344-904,ranger-stop0,1
20154309064344-904,ranger-stop2,1
20154309064357-666,entrance1,1
20154309064357-666,entrance3,1
20154309064357-666,general-gate7,1
20154309094342-984,entrance0,1
20154309094342-984,entrance2,1
20154309094342-984,general-gate1,1
20154309094342-984,general-gate2,1
20154309094342-984,ranger-stop0,1
20154309094342-984,ranger-stop2,1
20154312084345-256,entrance1,1
20154312084345-256,entrance2,1
20154312084345-256,general-gate1,1
20154312084345-256,general-gate2,1
20154312084345-256,general-gate4,1
20154312084345-256,general-gate7,1
20154312084345-256,ranger-stop0,1
20154312084345-256,ranger-stop2,1
20154324024354-470,entrance2,1
20154324024354-470,entrance4,1
20154331044349-646,entrance0,1
20154331044349-646,entrance2,1
20154331044349-646,general-gate1,1
20154331044349-646,general-gate2,1
20154331044349-646,ranger-stop0,1
20154331044349-646,ranger-stop2,1
20154403014430-537,entrance0,1
20154403014430-537,entrance1,1
20154403014430-537,general-gate4,1
20154403014430-537,general-gate7,1
20154418064412-605,entrance0,1
20154418064412-605,entrance1,1
20154418064412-605,general-gate4,1
20154418064412-605,general-gate7,1
20154420024426-231,entrance0,1
20154420024426-231,entrance3,1
20154425034411-890,entrance2,1
20154425034411-890,entrance3,1
20154425034411-890,general-gate1,1
20154425034411-890,general-gate2,1
20154425034411-890,ranger-stop0,1
20154425034411-890,ranger-stop2,1
20154426064448-113,entrance1,1
20154426064448-113,entrance4,1
20154426064448-113,general-gate1,1
20154426064448-113,general-gate2,1
20154426064448-113,general-gate4,1
20154426064448-113,general-gate5,1
20154426064448-113,general-gate7,1
20154426064448-113,ranger-stop0,1
20154426064448-113,ranger-stop2,1
20154516024513-124,entrance1,1
20154516024513-124,entrance4,1
20154516024513-124,general-gate1,1
20154516024513-124,general-gate2,1
20154516024513-124,general-gate4,1
20154516024513-124,general-gate5,1
20154516024513-124,general-gate7,1
20154516024513-124,ranger-stop0,1
20154516024513-124,ranger-stop2,1
20154526044524-695,entrance2,1
20154526044524-695,entrance3,1
20154526044524-695,general-gate1,1
20154526044524-695,general-gate2,1
20154526044524-695,ranger-stop0,1
20154526044524-695,ranger-stop2,1
20154602114628-559,entrance2,1
20154602114628-559,entrance3,1
20154602114628-559,general-gate1,1
20154602114628-559,general-gate2,1
20154602114628-559,ranger-stop0,1
20154602114628-559,ranger-stop2,1
20154603094659-851,entrance0,1
20154603094659-851,entrance2,1
20154603094659-851,general-gate1,1
20154603094659-851,general-gate2,1
20154603094659-851,ranger-stop0,1
20154603094659-851,ranger-stop2,1
20154610014606-666,entrance2,1
20154610014606-666,entrance4,1
20154614044621-250,entrance0,1
20154614044621-250,entrance1,1
20154614044621-250,general-gate4,1
20154614044621-250,general-gate7,1
20154628064658-651,entrance1,1
20154628064658-651,entrance2,1
20154628064658-651,general-gate1,1
20154628064658-651,general-gate2,1
20154628064658-651,general-gate4,1
20154628064658-651,general-gate7,1
20154628064658-651,ranger-stop0,1
20154628064658-651,ranger-stop2,1
20154629104609-191,entrance1,1
20154629104609-191,entrance2,1
20154629104609-191,general-gate1,1
20154629104609-191,general-gate2,1
20154629104609-191,general-gate4,1
20154629104609-191,general-gate7,1
20154629104609-191,ranger-stop0,1
20154629104609-191,ranger-stop2,1
20154709064751-735,entrance3,1
20154709064751-735,entrance4,1
20154709064751-735,general-gate1,1
20154709064751-735,general-gate2,1
20154709064751-735,general-gate5,1
20154709064751-735,ranger-stop0,1
20154709064751-735,ranger-stop2,1
20154713044702-690,entrance0,1
20154713044702-690,entrance4,1
20154713044702-690,general-gate1,1
20154713044702-690,general-gate2,1
20154713044702-690,general-gate5,1
20154713044702-690,ranger-stop0,1
20154713044702-690,ranger-stop2,1
20154713044705-563,entrance2,1
20154713044705-563,entrance4,1
20154817034824-160,entrance0,1
20154817034824-160,entrance2,1
20154817034824-160,general-gate1,1
20154817034824-160,general-gate2,1
20154817034824-160,ranger-stop0,1
20154817034824-160,ranger-stop2,1
20154819044805-235,entrance1,1
20154819044805-235,entrance4,1
20154819044805-235,general-gate1,1
20154819044805-235,general-gate2,1
20154819044805-235,general-gate4,1
20154819044805-235,general-gate5,1
20154819044805-235,general-gate7,1
20154819044805-235,ranger-stop0,1
20154819044805-235,ranger-stop2,1
20154822024836-501,entrance0,1
20154822024836-501,entrance1,1
20154822024836-501,general-gate4,1
20154822024836-501,general-gate7,1
20154826054807-240,entrance2,1
20154826054807-240,entrance4,1
20154826054818-593,entrance1,1
20154826054818-593,entrance3,1
20154826054818-593,general-gate7,1
20154903054942-273,entrance2,1
20154903054942-273,entrance4,1
20154904044939-275,entrance1,1
20154904044939-275,entrance2,1
20154904044939-275,general-gate1,1
20154904044939-275,general-gate2,1
20154904044939-275,general-gate4,1
20154904044939-275,general-gate7,1
20154904044939-275,ranger-stop0,1
20154904044939-275,ranger-stop2,1
20155005125016-882,entrance1,1
20155005125016-882,entrance2,1
20155005125016-882,general-gate1,1
20155005125016-882,general-gate2,1
20155005125016-882,general-gate4,1
20155005125016-882,general-gate7,1
20155005125016-882,ranger-stop0,1
20155005125016-882,ranger-stop2,1
20155008015024-106,entrance0,1
20155008015024-106,entrance2,1
20155008015024-106,general-gate1,1
20155008015024-106,general-gate2,1
20155008015024-106,ranger-stop0,1
20155008015024-106,ranger-stop2,1
20155012015023-139,entrance0,1
20155012015023-139,entrance3,1
20155106045120-116,entrance3,1
20155106045120-116,entrance4,1
20155106045120-116,general-gate1,1
20155106045120-116,general-gate2,1
20155106045120-116,general-gate5,1
20155106045120-116,ranger-stop0,1
20155106045120-116,ranger-stop2,1
20155108105111-825,entrance1,1
20155108105111-825,entrance4,1
20155108105111-825,general-gate1,1
20155108105111-825,general-gate2,1
20155108105111-825,general-gate4,1
20155108105111-825,general-gate5,1
20155108105111-825,general-gate7,1
20155108105111-825,ranger-stop0,1
20155108105111-825,ranger-stop2,1
20155112035138-197,entrance1,1
20155112035138-197,entrance2,1
20155112035138-197,general-gate1,1
20155112035138-197,general-gate2,1
20155112035138-197,general-gate4,1
20155112035138-197,general-gate7,1
20155112035138-197,ranger-stop0,1
20155112035138-197,ranger-stop2,1
20155113015107-173,entrance3,1
20155113015107-173,entrance4,1
20155113015107-173,general-gate1,1
20155113015107-173,general-gate2,1
20155113015107-173,general-gate5,1
20155113015107-173,ranger-stop0,1
20155113015107-173,ranger-stop2,1
20155130095154-411,entrance0,1
20155130095154-411,entrance2,1
20155130095154-411,general-gate1,1
20155130095154-411,general-gate2,1
20155130095154-411,ranger-stop0,1
20155130095154-411,ranger-stop2,1
20155206065253-470,entrance0,1
20155206065253-470,entrance1,1
20155206065253-470,general-gate4,1
20155206065253-470,general-gate7,1
20155206075204-722,entrance1,1
20155206075204-722,entrance3,1
20155206075204-722,general-gate7,1
20155219055208-563,entrance0,1
20155219055208-563,entrance1,1
20155219055208-563,general-gate4,1
20155219055208-563,general-gate7,1
20155301055347-195,entrance2,1
20155301055347-195,entrance3,1
20155301055347-195,general-gate1,1
20155301055347-195,general-gate2,1
20155301055347-195,ranger-stop0,1
20155301055347-195,ranger-stop2,1
20155305035350-216,entrance1,1
20155305035350-216,entrance3,1
20155305035350-216,general-gate7,1
20155308045304-549,entrance2,1
20155308045304-549,entrance4,1
20155312125321-91,entrance3,1
20155312125321-91,entrance4,1
20155312125321-91,general-gate1,1
20155312125321-91,general-gate2,1
20155312125321-91,general-gate5,1
20155312125321-91,ranger-stop0,1
20155312125321-91,ranger-stop2,1
20155320125343-802,entrance0,1
20155320125343-802,entrance1,1
20155320125343-802,general-gate4,1
20155320125343-802,general-gate7,1
20155328075344-727,entrance1,1
20155328075344-727,entrance4,1
20155328075344-727,general-gate1,1
20155328075344-727,general-gate2,1
20155328075344-727,general-gate4,1
20155328075344-727,general-gate5,1
20155328075344-727,general-gate7,1
20155328075344-727,ranger-stop0,1
20155328075344-727,ranger-stop2,1
20155407015433-549,entrance1,1
20155407015433-549,entrance3,1
20155407015433-549,general-gate7,1
20155407045404-580,entrance2,1
20155407045404-580,entrance3,1
20155407045404-580,general-gate1,1
20155407045404-580,general-gate2,1
20155407045404-580,ranger-stop0,1
20155407045404-580,ranger-stop2,1
20155414055413-427,entrance2,1
20155414055413-427,entrance3,1
20155414055413-427,general-gate1,1
20155414055413-427,general-gate2,1
20155414055413-427,ranger-stop0,1
20155414055413-427,ranger-stop2,1
20155414075424-282,entrance2,1
20155414075424-282,entrance3,1
20155414075424-282,general-gate1,1
20155414075424-282,general-gate2,1
20155414075424-282,ranger-stop0,1
20155414075424-282,ranger-stop2,1
20155415025445-696,entrance2,1
20155415025445-696,entrance3,1
20155415025445-696,general-gate1,1
20155415025445-696,general-gate2,1
20155415025445-696,ranger-stop0,1
20155415025445-696,ranger-stop2,1
20155416075414-747,entrance3,1
20155416075414-747,entrance4,1
20155416075414-747,general-gate1,1
20155416075414-747,general-gate2,1
20155416075414-747,general-gate5,1
20155416075414-747,ranger-stop0,1
20155416075414-747,ranger-stop2,1
20155419025436-439,entrance2,1
20155419025436-439,entrance4,1
20155420105446-331,entrance2,1
20155420105446-331,entrance4,1
20155501025537-40,entrance2,1
20155501025537-40,entrance4,1
20155504075543-891,entrance2,1
20155504075543-891,entrance3,1
20155504075543-891,general-gate1,1
20155504075543-891,general-gate2,1
20155504075543-891,ranger-stop0,1
20155504075543-891,ranger-stop2,1
20155511115536-551,entrance1,1
20155511115536-551,entrance4,1
20155511115536-551,general-gate1,1
20155511115536-551,general-gate2,1
20155511115536-551,general-gate4,1
20155511115536-551,general-gate5,1
20155511115536-551,general-gate7,1
20155511115536-551,ranger-stop0,1
20155511115536-551,ranger-stop2,1
20155514055522-182,entrance2,1
20155514055522-182,entrance4,1
20155522075554-168,entrance0,1
20155522075554-168,entrance3,1
20155529105513-700,entrance0,1
20155529105513-700,entrance3,1
20155604035601-310,entrance2,1
20155604035601-310,entrance3,1
20155604035601-310,general-gate1,1
20155604035601-310,general-gate2,1
20155604035601-310,ranger-stop0,1
20155604035601-310,ranger-stop2,1
20155604105652-557,entrance0,1
20155604105652-557,entrance2,1
20155604105652-557,general-gate1,1
20155604105652-557,general-gate2,1
20155604105652-557,ranger-stop0,1
20155604105652-557,ranger-stop2,1
20155607035630-424,entrance0,1
20155607035630-424,entrance3,1
20155608125627-896,entrance1,1
20155608125627-896,entrance3,1
20155608125627-896,general-gate7,1
20155614075643-621,entrance2,1
20155614075643-621,entrance3,1
20155614075643-621,general-gate1,1
20155614075643-621,general-gate2,1
20155614075643-621,ranger-stop0,1
20155614075643-621,ranger-stop2,1
20155622075617-153,entrance1,1
20155622075617-153,entrance3,1
20155622075617-153,general-gate7,1
20155627125623-941,entrance0,1
20155627125623-941,entrance1,1
20155627125623-941,general-gate4,1
20155627125623-941,general-gate7,1
20155628125625-241,entrance0,1
20155628125625-241,entrance4,1
20155628125625-241,general-gate1,1
20155628125625-241,general-gate2,1
20155628125625-241,general-gate5,1
20155628125625-241,ranger-stop0,1
20155628125625-241,ranger-stop2,1
20155706095734-781,entrance2,1
20155706095734-781,entrance3,1
20155706095734-781,general-gate1,1
20155706095734-781,general-gate2,1
20155706095734-781,ranger-stop0,1
20155706095734-781,ranger-stop2,1
20155709055722-994,entrance3,1
20155709055722-994,entrance4,1
20155709055722-994,general-gate1,1
20155709055722-994,general-gate2,1
20155709055722-994,general-gate5,1
20155709055722-994,ranger-stop0,1
20155709055722-994,ranger-stop2,1
20155715055744-947,entrance2,1
20155715055744-947,entrance3,1
20155715055744-947,general-gate1,1
20155715055744-947,general-gate2,1
20155715055744-947,ranger-stop0,1
20155715055744-947,ranger-stop2,1
20155718015733-878,entrance3,1
20155718015733-878,entrance4,1
20155718015733-878,general-gate1,1
20155718015733-878,general-gate2,1
20155718015733-878,general-gate5,1
20155718015733-878,ranger-stop0,1
20155718015733-878,ranger-stop2,1
20155720115754-988,entrance1,1
20155720115754-988,entrance3,1
20155720115754-988,general-gate7,1
20155722045717-959,entrance0,1
20155722045717-959,entrance2,1
20155722045717-959,general-gate1,1
20155722045717-959,general-gate2,1
20155722045717-959,ranger-stop0,1
20155722045717-959,ranger-stop2,1
20155730105738-155,entrance0,1
20155730105738-155,entrance2,1
20155730105738-155,general-gate1,1
20155730105738-155,general-gate2,1
20155730105738-155,ranger-stop0,1
20155730105738-155,ranger-stop2,1
20155808045846-22,entrance0,1
20155808045846-22,entrance1,1
20155808045846-22,general-gate4,1
20155808045846-22,general-gate7,1
20155811065818-614,entrance2,1
20155811065818-614,entrance4,1
20155823035853-246,entrance0,1
20155823035853-246,entrance3,1
20155905075939-56,entrance1,1
20155905075939-56,entrance2,1
20155905075939-56,general-gate1,1
20155905075939-56,general-gate2,1
20155905075939-56,general-gate4,1
20155905075939-56,general-gate7,1
20155905075939-56,ranger-stop0,1
20155905075939-56,ranger-stop2,1
20155907125919-855,entrance0,1
20155907125919-855,entrance4,1
20155907125919-855,general-gate1,1
20155907125919-855,general-gate2,1
20155907125919-855,general-gate5,1
20155907125919-855,ranger-stop0,1
20155907125919-855,ranger-stop2,1
20155914055929-631,entrance3,1
20155914055929-631,entrance4,1
20155914055929-631,general-gate1,1
20155914055929-631,general-gate2,1
20155914055929-631,general-gate5,1
20155914055929-631,ranger-stop0,1
20155914055929-631,ranger-stop2,1
20155918125908-397,entrance1,1
20155918125908-397,entrance4,1
20155918125908-397,general-gate1,1
20155918125908-397,general-gate2,1
20155918125908-397,general-gate4,1
20155918125908-397,general-gate5,1
20155918125908-397,general-gate7,1
20155918125908-397,ranger-stop0,1
20155918125908-397,ranger-stop2,1
20155923105950-11,entrance2,1
20155923105950-11,entrance3,1
20155923105950-11,general-gate1,1
20155923105950-11,general-gate2,1
20155923105950-11,ranger-stop0,1
20155923105950-11,ranger-stop2,1
20155925025914-782,entrance0,1
20155925025914-782,entrance4,1
20155925025914-782,general-gate1,1
20155925025914-782,general-gate2,1
20155925025914-782,general-gate5,1
20155925025914-782,ranger-stop0,1
20155925025914-782,ranger-stop2,1
20155927035951-237,entrance0,1
20155927035951-237,entrance1,1
20155927035951-237,general-gate4,1
20155927035951-237,general-gate7,1
20155929075918-848,entrance0,1
20155929075918-848,entrance1,1
20155929075918-848,general-gate4,1
20155929075918-848,general-gate7,1
20155930105916-30,entrance3,1
20155930105916-30,entrance4,1
20155930105916-30,general-gate1,1
20155930105916-30,general-gate2,1
20155930105916-30,general-gate5,1
20155930105916-30,ranger-stop0,1
20155930105916-30,ranger-stop2,1
20160006100027-340,entrance0,1
20160006100027-340,entrance4,1
20160006100027-340,general-gate1,1
20160006100027-340,general-gate2,1
20160006100027-340,general-gate5,1
20160006100027-340,ranger-stop0,1
20160006100027-340,ranger-stop2,1
20160016110018-914,entrance3,1
20160016110018-914,entrance4,1
20160016110018-914,general-gate1,1
20160016110018-914,general-gate2,1
20160016110018-914,general-gate5,1
20160016110018-914,ranger-stop0,1
20160016110018-914,ranger-stop2,1
20160224110204-88,entrance3,1
20160224110204-88,entrance4,1
20160224110204-88,general-gate1,1
20160224110204-88,general-gate2,1
20160224110204-88,general-gate5,1
20160224110204-88,ranger-stop0,1
20160224110204-88,ranger-stop2,1
20160318030343-714,entrance2,1
20160318030343-714,entrance3,1
20160318030343-714,general-gate1,1
20160318030343-714,general-gate2,1
20160318030343-714,ranger-stop0,1
20160318030343-714,ranger-stop2,1
20160327020352-907,entrance1,1
20160327020352-907,entrance3,1
20160327020352-907,general-gate7,1
20160405050443-721,entrance1,1
20160405050443-721,entrance2,1
20160405050443-721,general-gate1,1
20160405050443-721,general-gate2,1
20160405050443-721,general-gate4,1
20160405050443-721,general-gate7,1
20160405050443-721,ranger-stop0,1
20160405050443-721,ranger-stop2,1
20160406050411-562,entrance0,1
20160406050411-562,entrance3,1
20160408060432-898,entrance2,1
20160408060432-898,entrance4,1
20160521020546-911,entrance0,1
20160521020546-911,entrance2,1
20160521020546-911,general-gate1,1
20160521020546-911,general-gate2,1
20160521020546-911,ranger-stop0,1
20160521020546-911,ranger-stop2,1
20160530030540-575,entrance2,1
20160530030540-575,entrance3,1
20160530030540-575,general-gate1,1
20160530030540-575,general-gate2,1
20160530030540-575,ranger-stop0,1
20160530030540-575,ranger-stop2,1
20160609070620-50,entrance1,1
20160609070620-50,entrance3,1
20160609070620-50,general-gate7,1
20160610030640-374,entrance2,1
20160610030640-374,entrance3,1
20160610030640-374,general-gate1,1
20160610030640-374,general-gate2,1
20160610030640-374,ranger-stop0,1
20160610030640-374,ranger-stop2,1
20160721110706-983,entrance1,1
20160721110706-983,entrance4,1
20160721110706-983,general-gate1,1
20160721110706-983,general-gate2,1
20160721110706-983,general-gate4,1
20160721110706-983,general-gate5,1
20160721110706-983,general-gate7,1
20160721110706-983,ranger-stop0,1
20160721110706-983,ranger-stop2,1
20160724100706-330,entrance1,1
20160724100706-330,entrance2,1
20160724100706-330,general-gate1,1
20160724100706-330,general-gate2,1
20160724100706-330,general-gate4,1
20160724100706-330,general-gate7,1
20160724100706-330,ranger-stop0,1
20160724100706-330,ranger-stop2,1
20160730110722-855,entrance0,1
20160730110722-855,entrance1,1
20160730110722-855,general-gate4,1
20160730110722-855,general-gate7,1
20160804120855-425,entrance2,1
20160804120855-425,entrance4,1
20160807030807-21,entrance0,1
20160807030807-21,entrance4,1
20160807030807-21,general-gate1,1
20160807030807-21,general-gate2,1
20160807030807-21,general-gate5,1
20160807030807-21,ranger-stop0,1
20160807030807-21,ranger-stop2,1
20160825120827-912,entrance0,1
20160825120827-912,entrance1,1
20160825120827-912,general-gate4,1
20160825120827-912,general-gate7,1
20160828030819-770,entrance0,1
20160828030819-770,entrance1,1
20160828030819-770,general-gate4,1
20160828030819-770,general-gate7,1
20160909090904-648,entrance1,1
20160909090904-648,entrance2,1
20160909090904-648,general-gate1,1
20160909090904-648,general-gate2,1
20160909090904-648,general-gate4,1
20160909090904-648,general-gate7,1
20160909090904-648,ranger-stop0,1
20160909090904-648,ranger-stop2,1
20160929020926-739,entrance1,1
20160929020926-739,entrance2,1
20160929020926-739,general-gate1,1
20160929020926-739,general-gate2,1
20160929020926-739,general-gate4,1
20160929020926-739,general-gate7,1
20160929020926-739,ranger-stop0,1
20160929020926-739,ranger-stop2,1
20160931060944-174,entrance1,1
20160931060944-174,entrance3,1
20160931060944-174,general-gate7,1
20161003101050-671,entrance0,1
20161003101050-671,entrance1,1
20161003101050-671,general-gate4,1
20161003101050-671,general-gate7,1
20161009031041-451,entrance1,1
20161009031041-451,entrance3,1
20161009031041-451,general-gate7,1
20161030061009-451,entrance2,1
20161030061009-451,entrance3,1
20161030061009-451,general-gate1,1
20161030061009-451,general-gate2,1
20161030061009-451,ranger-stop0,1
20161030061009-451,ranger-stop2,1
20161031111001-854,entrance2,1
20161031111001-854,general-gate1,1
20161031111001-854,general-gate2,1
20161031111001-854,general-gate4,1
20161031111001-854,ranger-stop0,1
20161031111001-854,ranger-stop2,1
20161116101151-711,entrance0,1
20161116101151-711,entrance4,1
20161116101151-711,general-gate1,1
20161116101151-711,general-gate2,1
20161116101151-711,general-gate5,1
20161116101151-711,ranger-stop0,1
20161116101151-711,ranger-stop2,1
20161119041136-937,entrance3,1
20161119041136-937,entrance4,1
20161119041136-937,general-gate1,1
20161119041136-937,general-gate2,1
20161119041136-937,general-gate5,1
20161119041136-937,ranger-stop0,1
20161119041136-937,ranger-stop2,1
20161210071215-600,entrance0,1
20161210071215-600,entrance4,1
20161210071215-600,general-gate1,1
20161210071215-600,general-gate2,1
20161210071215-600,general-gate5,1
20161210071215-600,ranger-stop0,1
20161210071215-600,ranger-stop2,1
20161210111228-205,entrance2,1
20161210111228-205,entrance3,1
20161210111228-205,general-gate1,1
20161210111228-205,general-gate2,1
20161210111228-205,ranger-stop0,1
20161210111228-205,ranger-stop2,1
20161215111234-207,entrance1,1
20161215111234-207,entrance3,1
20161215111234-207,general-gate7,1
20161223071247-478,entrance1,1
20161223071247-478,entrance3,1
20161223071247-478,general-gate7,1
20161305121334-791,entrance2,1
20161305121334-791,entrance4,1
20161310111311-164,entrance1,1
20161310111311-164,entrance2,1
20161310111311-164,general-gate1,1
20161310111311-164,general-gate2,1
20161310111311-164,general-gate4,1
20161310111311-164,general-gate7,1
20161310111311-164,ranger-stop0,1
20161310111311-164,ranger-stop2,1
20161317061321-998,entrance2,1
20161317061321-998,entrance4,1
20161505011539-339,entrance0,1
20161505011539-339,entrance1,1
20161505011539-339,general-gate4,1
20161505011539-339,general-gate7,1
20161512071503-37,entrance1,1
20161512071503-37,entrance3,1
20161512071503-37,general-gate7,1
20161516031502-578,entrance2,1
20161516031502-578,entrance4,1
20161522101518-113,entrance0,1
20161522101518-113,entrance1,1
20161522101518-113,general-gate4,1
20161522101518-113,general-gate7,1
20161531071554-247,entrance3,1
20161531071554-247,entrance4,1
20161531071554-247,general-gate1,1
20161531071554-247,general-gate2,1
20161531071554-247,general-gate5,1
20161531071554-247,ranger-stop0,1
20161531071554-247,ranger-stop2,1
20161812011828-753,entrance0,1
20161812011828-753,entrance2,1
20161812011828-753,general-gate1,1
20161812011828-753,general-gate2,1
20161812011828-753,ranger-stop0,1
20161812011828-753,ranger-stop2,1
20161820121834-97,entrance1,1
20161820121834-97,entrance2,1
20161820121834-97,general-gate1,1
20161820121834-97,general-gate2,1
20161820121834-97,general-gate4,1
20161820121834-97,general-gate7,1
20161820121834-97,ranger-stop0,1
20161820121834-97,ranger-stop2,1
20161912011943-12,entrance3,1
20161912011943-12,entrance4,1
20161912011943-12,general-gate1,1
20161912011943-12,general-gate2,1
20161912011943-12,general-gate5,1
20161912011943-12,ranger-stop0,1
20161912011943-12,ranger-stop2,1
20162003012058-670,entrance0,1
20162003012058-670,entrance4,1
20162003012058-670,general-gate1,1
20162003012058-670,general-gate2,1
20162003012058-670,general-gate5,1
20162003012058-670,ranger-stop0,1
20162003012058-670,ranger-stop2,1
20162025012031-292,entrance1,1
20162025012031-292,entrance2,1
20162025012031-292,general-gate1,1
20162025012031-292,general-gate2,1
20162025012031-292,general-gate4,1
20162025012031-292,general-gate7,1
20162025012031-292,ranger-stop0,1
20162025012031-292,ranger-stop2,1
20162124092143-182,entrance0,1
20162124092143-182,entrance1,1
20162124092143-182,general-gate4,1
20162124092143-182,general-gate7,1
20162203082236-446,entrance1,1
20162203082236-446,entrance2,1
20162203082236-446,general-gate1,1
20162203082236-446,general-gate2,1
20162203082236-446,general-gate4,1
20162203082236-446,general-gate7,1
20162203082236-446,ranger-stop0,1
20162203082236-446,ranger-stop2,1
20162212102211-875,entrance2,1
20162212102211-875,entrance3,1
20162212102211-875,general-gate1,1
20162212102211-875,general-gate2,1
20162212102211-875,ranger-stop0,1
20162212102211-875,ranger-stop2,1
20162225092246-877,entrance0,1
20162225092246-877,entrance3,1
20162504092530-319,entrance2,1
20162504092530-319,entrance4,1
20162608022624-559,entrance1,1
20162608022624-559,entrance2,1
20162608022624-559,general-gate1,1
20162608022624-559,general-gate2,1
20162608022624-559,general-gate4,1
20162608022624-559,general-gate7,1
20162608022624-559,ranger-stop0,1
20162608022624-559,ranger-stop2,1
20162618092621-459,entrance3,1
20162618092621-459,entrance4,1
20162618092621-459,general-gate1,1
20162618092621-459,general-gate2,1
20162618092621-459,general-gate5,1
20162618092621-459,ranger-stop0,1
20162618092621-459,ranger-stop2,1
20162703122718-219,entrance1,1
20162703122718-219,entrance3,1
20162703122718-219,general-gate7,1
20162715112753-357,entrance0,1
20162715112753-357,entrance3,1
20162812042818-533,entrance3,1
20162812042818-533,entrance4,1
20162812042818-533,general-gate1,1
20162812042818-533,general-gate2,1
20162812042818-533,general-gate5,1
20162812042818-533,ranger-stop0,1
20162812042818-533,ranger-stop2,1
20162814032850-29,entrance1,1
20162814032850-29,entrance2,1
20162814032850-29,general-gate1,1
20162814032850-29,general-gate2,1
20162814032850-29,general-gate4,1
20162814032850-29,general-gate7,1
20162814032850-29,ranger-stop0,1
20162814032850-29,ranger-stop2,1
20162821122833-684,entrance1,1
20162821122833-684,entrance4,1
20162821122833-684,general-gate1,1
20162821122833-684,general-gate2,1
20162821122833-684,general-gate4,1
20162821122833-684,general-gate5,1
20162821122833-684,general-gate7,1
20162821122833-684,ranger-stop0,1
20162821122833-684,ranger-stop2,1
20162906032932-915,entrance2,1
20162906032932-915,entrance3,1
20162906032932-915,general-gate1,1
20162906032932-915,general-gate2,1
20162906032932-915,ranger-stop0,1
20162906032932-915,ranger-stop2,1
20163105083100-798,entrance1,1
20163105083100-798,entrance2,1
20163105083100-798,general-gate1,1
20163105083100-798,general-gate2,1
20163105083100-798,general-gate4,1
20163105083100-798,general-gate7,1
20163105083100-798,ranger-stop0,1
20163105083100-798,ranger-stop2,1
20163112023142-103,entrance2,1
20163112023142-103,entrance3,1
20163112023142-103,general-gate1,1
20163112023142-103,general-gate2,1
20163112023142-103,ranger-stop0,1
20163112023142-103,ranger-stop2,1
20163207033204-552,entrance3,1
20163207033204-552,entrance4,1
20163207033204-552,general-gate1,1
20163207033204-552,general-gate2,1
20163207033204-552,general-gate5,1
20163207033204-552,ranger-stop0,1
20163207033204-552,ranger-stop2,1
20163211063203-861,entrance3,1
20163211063203-861,entrance4,1
20163211063203-861,general-gate1,1
20163211063203-861,general-gate2,1
20163211063203-861,general-gate5,1
20163211063203-861,ranger-stop0,1
20163211063203-861,ranger-stop2,1
20163402043455-16,entrance0,1
20163402043455-16,entrance4,1
20163402043455-16,general-gate1,1
20163402043455-16,general-gate2,1
20163402043455-16,general-gate5,1
20163402043455-16,ranger-stop0,1
20163402043455-16,ranger-stop2,1
20163416083430-696,entrance3,1
20163416083430-696,entrance4,1
20163416083430-696,general-gate1,1
20163416083430-696,general-gate2,1
20163416083430-696,general-gate5,1
20163416083430-696,ranger-stop0,1
20163416083430-696,ranger-stop2,1
20163504043552-800,entrance1,1
20163504043552-800,entrance3,1
20163504043552-800,general-gate7,1
20163513043535-914,entrance0,1
20163513043535-914,entrance4,1
20163513043535-914,general-gate1,1
20163513043535-914,general-gate2,1
20163513043535-914,general-gate5,1
20163513043535-914,ranger-stop0,1
20163513043535-914,ranger-stop2,1
20163613023649-930,entrance0,1
20163613023649-930,entrance4,1
20163613023649-930,general-gate1,1
20163613023649-930,general-gate2,1
20163613023649-930,general-gate5,1
20163613023649-930,ranger-stop0,1
20163613023649-930,ranger-stop2,1
20163711013725-963,entrance2,1
20163711013725-963,entrance3,1
20163711013725-963,general-gate1,1
20163711013725-963,general-gate2,1
20163711013725-963,ranger-stop0,1
20163711013725-963,ranger-stop2,1
20163716063758-519,entrance0,1
20163716063758-519,entrance1,1
20163716063758-519,general-gate4,1
20163716063758-519,general-gate7,1
20163724043746-132,entrance2,1
20163724043746-132,entrance4,1
20163801113800-306,entrance0,1
20163801113800-306,entrance1,1
20163801113800-306,general-gate4,1
20163801113800-306,general-gate7,1
20163827023806-790,entrance0,1
20163827023806-790,entrance1,1
20163827023806-790,general-gate4,1
20163827023806-790,general-gate7,1
20163913083920-592,entrance2,1
20163913083920-592,entrance4,1
20164009044032-666,entrance1,1
20164009044032-666,entrance4,1
20164009044032-666,general-gate1,1
20164009044032-666,general-gate2,1
20164009044032-666,general-gate4,1
20164009044032-666,general-gate5,1
20164009044032-666,general-gate7,1
20164009044032-666,ranger-stop0,1
20164009044032-666,ranger-stop2,1
20164022034004-339,entrance2,1
20164022034004-339,entrance3,1
20164022034004-339,general-gate1,1
20164022034004-339,general-gate2,1
20164022034004-339,ranger-stop0,1
20164022034004-339,ranger-stop2,1
20164025024048-911,entrance2,1
20164025024048-911,entrance3,1
20164025024048-911,general-gate1,1
20164025024048-911,general-gate2,1
20164025024048-911,ranger-stop0,1
20164025024048-911,ranger-stop2,1
20164106114111-973,entrance1,1
20164106114111-973,entrance4,1
20164106114111-973,general-gate1,1
20164106114111-973,general-gate2,1
20164106114111-973,general-gate4,1
20164106114111-973,general-gate5,1
20164106114111-973,general-gate7,1
20164106114111-973,ranger-stop0,1
20164106114111-973,ranger-stop2,1
20164124014148-229,entrance0,1
20164124014148-229,entrance3,1
20164208044208-309,entrance0,1
20164208044208-309,entrance2,1
20164208044208-309,general-gate1,1
20164208044208-309,general-gate2,1
20164208044208-309,ranger-stop0,1
20164208044208-309,ranger-stop2,1
20164328024322-116,entrance1,1
20164328024322-116,entrance4,1
20164328024322-116,general-gate1,1
20164328024322-116,general-gate2,1
20164328024322-116,general-gate4,1
20164328024322-116,general-gate5,1
20164328024322-116,general-gate7,1
20164328024322-116,ranger-stop0,1
20164328024322-116,ranger-stop2,1
20164329034336-305,entrance1,1
20164329034336-305,entrance2,1
20164329034336-305,general-gate1,1
20164329034336-305,general-gate2,1
20164329034336-305,general-gate4,1
20164329034336-305,general-gate7,1
20164329034336-305,ranger-stop0,1
20164329034336-305,ranger-stop2,1
20164422044448-913,entrance0,1
20164422044448-913,entrance4,1
20164422044448-913,general-gate1,1
20164422044448-913,general-gate2,1
20164422044448-913,general-gate5,1
20164422044448-913,ranger-stop0,1
20164422044448-913,ranger-stop2,1
20164621014630-66,entrance0,1
20164621014630-66,entrance3,1
20164625094658-880,entrance0,1
20164625094658-880,entrance1,1
20164625094658-880,general-gate4,1
20164625094658-880,general-gate7,1
20164702054708-673,entrance2,1
20164702054708-673,entrance4,1
20164717094726-524,entrance0,1
20164717094726-524,entrance1,1
20164717094726-524,general-gate4,1
20164717094726-524,general-gate7,1
20164721104718-847,entrance0,1
20164721104718-847,entrance1,1
20164721104718-847,general-gate4,1
20164721104718-847,general-gate7,1
20164802014841-686,entrance1,1
20164802014841-686,entrance3,1
20164802014841-686,general-gate7,1
20164911034916-947,entrance0,1
20164911034916-947,entrance3,1
20164915034913-350,entrance2,1
20164915034913-350,entrance4,1
20164915034953-622,entrance0,1
20164915034953-622,entrance4,1
20164915034953-622,general-gate1,1
20164915034953-622,general-gate2,1
20164915034953-622,general-gate5,1
20164915034953-622,ranger-stop0,1
20164915034953-622,ranger-stop2,1
20165002095043-6,entrance0,1
20165002095043-6,entrance1,1
20165002095043-6,general-gate4,1
20165002095043-6,general-gate7,1
20165020045043-704,entrance0,1
20165020045043-704,entrance1,1
20165020045043-704,general-gate4,1
20165020045043-704,general-gate7,1
20165102025154-428,entrance2,1
20165102025154-428,entrance3,1
20165102025154-428,general-gate1,1
20165102025154-428,general-gate2,1
20165102025154-428,ranger-stop0,1
20165102025154-428,ranger-stop2,1
20165112085113-470,entrance1,1
20165112085113-470,entrance4,1
20165112085113-470,general-gate1,1
20165112085113-470,general-gate2,1
20165112085113-470,general-gate4,1
20165112085113-470,general-gate5,1
20165112085113-470,general-gate7,1
20165112085113-470,ranger-stop0,1
20165112085113-470,ranger-stop2,1
20165115025112-428,entrance0,1
20165115025112-428,entrance1,1
20165115025112-428,general-gate4,1
20165115025112-428,general-gate7,1
20165116095116-836,entrance1,1
20165116095116-836,entrance2,1
20165116095116-836,general-gate1,1
20165116095116-836,general-gate2,1
20165116095116-836,general-gate4,1
20165116095116-836,general-gate7,1
20165116095116-836,ranger-stop0,1
20165116095116-836,ranger-stop2,1
20165208105233-947,entrance0,1
20165208105233-947,entrance3,1
20165223015202-492,entrance1,1
20165223015202-492,entrance2,1
20165223015202-492,general-gate1,1
20165223015202-492,general-gate2,1
20165223015202-492,general-gate4,1
20165223015202-492,general-gate7,1
20165223015202-492,ranger-stop0,1
20165223015202-492,ranger-stop2,1
20165310015358-208,entrance3,1
20165310015358-208,entrance4,1
20165310015358-208,general-gate1,1
20165310015358-208,general-gate2,1
20165310015358-208,general-gate5,1
20165310015358-208,ranger-stop0,1
20165310015358-208,ranger-stop2,1
20165403015457-628,entrance2,1
20165403015457-628,entrance4,1
20165417025425-735,entrance2,1
20165417025425-735,entrance4,1
20165420125432-744,entrance0,1
20165420125432-744,entrance1,1
20165420125432-744,general-gate4,1
20165420125432-744,general-gate7,1
20165506015535-290,entrance0,1
20165506015535-290,entrance1,1
20165506015535-290,general-gate4,1
20165506015535-290,general-gate7,1
20165601125624-989,entrance1,1
20165601125624-989,entrance4,1
20165601125624-989,general-gate1,1
20165601125624-989,general-gate2,1
20165601125624-989,general-gate4,1
20165601125624-989,general-gate5,1
20165601125624-989,general-gate7,1
20165601125624-989,ranger-stop0,1
20165601125624-989,ranger-stop2,1
20165607035640-916,entrance3,1
20165607035640-916,entrance4,1
20165607035640-916,general-gate1,1
20165607035640-916,general-gate2,1
20165607035640-916,general-gate5,1
20165607035640-916,ranger-stop0,1
20165607035640-916,ranger-stop2,1
20165610095639-193,entrance1,1
20165610095639-193,entrance2,1
20165610095639-193,general-gate1,1
20165610095639-193,general-gate2,1
20165610095639-193,general-gate4,1
20165610095639-193,general-gate7,1
20165610095639-193,ranger-stop0,1
20165610095639-193,ranger-stop2,1
20165611125620-329,entrance1,1
20165611125620-329,entrance2,1
20165611125620-329,general-gate1,1
20165611125620-329,general-gate2,1
20165611125620-329,general-gate4,1
20165611125620-329,general-gate7,1
20165611125620-329,ranger-stop0,1
20165611125620-329,ranger-stop2,1
20165614095610-994,entrance1,1
20165614095610-994,entrance4,1
20165614095610-994,general-gate1,1
20165614095610-994,general-gate2,1
20165614095610-994,general-gate4,1
20165614095610-994,general-gate5,1
20165614095610-994,general-gate7,1
20165614095610-994,ranger-stop0,1
20165614095610-994,ranger-stop2,1
20165620105658-44,entrance2,1
20165620105658-44,entrance3,1
20165620105658-44,general-gate1,1
20165620105658-44,general-gate2,1
20165620105658-44,ranger-stop0,1
20165620105658-44,ranger-stop2,1
20165706055731-995,entrance3,1
20165706055731-995,entrance4,1
20165706055731-995,general-gate1,1
20165706055731-995,general-gate2,1
20165706055731-995,general-gate5,1
20165706055731-995,ranger-stop0,1
20165706055731-995,ranger-stop2,1
20165717125740-295,entrance1,1
20165717125740-295,entrance2,1
20165717125740-295,general-gate1,1
20165717125740-295,general-gate2,1
20165717125740-295,general-gate4,1
20165717125740-295,general-gate7,1
20165717125740-295,ranger-stop0,1
20165717125740-295,ranger-stop2,1
20165721085752-855,entrance1,1
20165721085752-855,entrance2,1
20165721085752-855,general-gate1,1
20165721085752-855,general-gate2,1
20165721085752-855,general-gate4,1
20165721085752-855,general-gate7,1
20165721085752-855,ranger-stop0,1
20165721085752-855,ranger-stop2,1
20165830095817-828,entrance3,1
20165830095817-828,entrance4,1
20165830095817-828,general-gate1,1
20165830095817-828,general-gate2,1
20165830095817-828,general-gate5,1
20165830095817-828,ranger-stop0,1
20165830095817-828,ranger-stop2,1
