station,user,start
10,503608823,3
10,503659249,114
10,514590173,57
10,555441213,395
10,603607121,38
10,603641178,1
10,604614712,4
10,613606485,1
10,613606497,312
10,613606631,5
10,613614927,186
10,644583666,3
10,644613757,7
10,654681350,62
10,664508503,1
10,674629520,386
10,674680753,49
10,684517429,3423
10,684609011,145
10,694627090,184
10,703640759,18
10,704808091,8
10,763450216,2
10,766112371,47
10,766808837,17
10,766815687,3
10,766860235,115
10,766879828,17
10,766883257,30
10,796024171,553
10,796054837,9
10,796066737,73
10,796164471,12
10,796455611,66
10,796674984,11
10,796743406,7
100,613620093,111
100,633609216,4
100,644603729,9
100,654690580,1
100,664563102,128
100,673412077,625
100,684509664,44
100,766517372,24
100,766874815,1
100,789949797,366
1003,412528371,34
1003,503640007,221
1003,504503457,660
1003,569565321,470
1003,603687169,45
1003,604519477,89
1003,604875785,24
1003,613610844,8
1003,613610960,18
1003,613647629,87
1003,624604405,2388
1003,624607261,47
1003,624610047,319
1003,633643920,405
1003,644568763,461
1003,644603512,857
1003,674613696,83
1003,674623086,24
1003,684512937,838
1003,694614268,1476
1003,703653569,2889
1003,704509404,30
1003,704814104,19
1003,704817423,315
1003,763418077,75
1003,766839242,3
1003,766839662,1239
1003,796002874,2
1003,796003000,217
1003,796075564,754
1003,796082624,506
1003,796602509,82
1003,796603559,194
1003,796629212,17
1003,796632114,15
1003,796651486,91
1003,796658749,1386
1003,796658916,2503
1003,796670178,84
1003,796730164,166
1010,475855575,81
1010,503629963,21
1010,522373116,3
1010,525851507,624
1010,552136936,60
1010,590292421,44
1010,613601193,66
1010,613636641,290
1010,613641943,16
1010,613648407,256
1010,613651607,33
1010,613678364,12
1010,624506683,1757
1010,624514866,1
1010,624580304,10
1010,633603989,1176
1010,633615996,3
1010,633637651,1
1010,633638607,494
1010,633639798,464
1010,633644518,4
1010,633676477,410
1010,644580948,1206
1010,644601714,17
1010,644604437,29
1010,644612796,418
1010,644614463,14
1010,644614837,67
1010,644618414,459
1010,654655586,45
1010,654662198,13
1010,654682948,18
1010,654683711,269
1010,654687300,380
1010,654687650,1362
1010,654688832,2
1010,654689167,602
1010,654689378,2077
1010,664525822,4
1010,664599861,286
1010,674638994,46
1010,674678682,59
1010,684502861,35
1010,689737434,4415
1010,703603917,166
1010,703604074,287
1010,703607790,65
1010,703609373,9129
1010,703610743,37
1010,703611723,96
1010,703612241,850
1010,703616769,306
1010,703616770,12
1010,703618718,41
1010,703618971,751
1010,703622274,50
1010,703623217,1
1010,703626449,194
1010,703630618,67
1010,703631734,553
1010,703632841,391
1010,703632898,2
1010,703633824,9
1010,703643907,18
1010,714871769,88
1010,723608308,3
1010,736976143,1837
1010,763567323,305
1010,763571500,9
1010,766806798,1190
1010,766808232,212
1010,766828712,182
1010,766830396,2
1010,766857181,17
1010,766869045,1
1010,766981693,1071
1010,789692446,207
1010,796055255,750
1010,796079295,102
1010,796559752,70
1010,796610300,3
1010,796623478,737
1010,796632631,6
1010,796637991,3
1010,796640534,5
1010,796670465,48
1010,796684414,48
1010,796997374,1180
1014,406477900,26
1014,410964324,2
1014,503609181,433
1014,603677706,29
1014,603682949,37
1014,613656866,4
1014,654553289,144
1014,654614703,2550
1014,694510482,8
1014,703614839,193
1014,704502190,162
1014,704814989,11
1014,766104110,2
1014,766873541,36
1014,796093848,1335
1014,796602079,204
1018,426054144,12
1018,654685468,493
1018,694556823,303
1018,796081405,969
1018,796612979,24
1022,455248598,9
1022,503688819,45
1022,514651877,587
1022,555056214,195
1022,559327555,391
1022,603648214,2
1022,604531150,41
1022,604804157,848
1022,613618285,53
1022,613659156,40
1022,624603117,23
1022,633626878,49
1022,644604434,92
1022,644610225,5
1022,654502833,4
1022,654526242,366
1022,654551697,4
1022,654557356,532
1022,654567783,1
1022,654568180,1
1022,664614145,18
1022,674615733,24
1022,674622790,4
1022,674630943,3
1022,674640187,2
1022,674684678,148
1022,684501228,1895
1022,684629921,45
1022,684637455,24
1022,703634600,2
1022,704503595,50
1022,704505020,76
1022,704507374,98
1022,704567734,97
1022,704816756,36
1022,704845744,84
1022,766806936,103
1022,766830897,163
1022,766856676,107
1022,766858478,44
1022,766868857,10
1022,766900270,43
1022,766967741,132
1022,796021679,7
1022,796026878,1
1022,796038563,2574
1022,796062830,6
1022,796067119,14
1022,796078873,42
1022,796147974,20
1022,796166807,67
1022,796180339,36
1022,796617197,28
1022,796620493,275
1022,796625354,184
1022,796632005,11
1022,796637805,1224
1022,796664114,193
1022,796669200,32
1022,796712623,10
1022,796779523,1
1023,465444072,2
1023,503605774,59
1023,503606722,81
1023,503613301,34
1023,503614441,9
1023,503620746,166
1023,503623313,79
1023,503634008,569
1023,504805710,1358
1023,504848487,52
1023,603627083,1127
1023,603663146,1
1023,604849609,87
1023,614503334,118
1023,633680149,6
1023,633692479,105
1023,634508096,6
1023,644506850,299
1023,644512342,1
1023,654572107,23
1023,654602991,157
1023,654678920,41
1023,658553400,1484
1023,674651746,10
1023,674660298,8
1023,674694645,24
1023,684501772,4
1023,684502670,3075
1023,684504589,31
1023,684559019,783
1023,684579476,3
1023,684580072,35
1023,684617450,144
1023,693559085,7
1023,693561568,29
1023,703610321,3
1023,703614633,1
1023,703618354,8
1023,703639359,904
1023,703678522,850
1023,704504435,19
1023,704842749,313
1023,704842925,2
1023,704887339,217
1023,717827689,1
1023,763415605,861
1023,763416125,24
1023,763734201,5274
1023,764675828,106
1023,766917299,1
1023,766929096,753
1023,766936258,28
1023,766965626,138
1023,768234222,707
1023,795466732,13
1023,796074045,14
1023,796123622,12
1023,796143227,382
1023,796156418,15
1023,796156511,44
1023,796156979,16
1023,796171675,126
1023,796205355,92
1023,796205895,6
1023,796607675,26
1023,796730637,51
1023,796756418,473
1023,796756541,20
1023,796805678,78
1023,796832243,173
1023,796833430,6
1023,796834879,25
1025,613649717,3
1025,644587257,769
1025,654611750,49
1025,796028627,30
1025,796638497,2508
1027,514538981,23
1027,603650994,38
1027,603676138,64
1027,634969358,13
1027,654673466,965
1027,694657114,2625
1027,796836403,2519
1027,796840467,2334
1031,430863974,18
1031,431544006,11
1031,503671168,22
1031,503671810,20
1031,503672264,41
1031,503675151,11
1031,504515487,10
1031,521359270,4
1031,522387703,8
1031,535466175,107
1031,578874250,652
1031,603603574,9
1031,603605910,36
1031,603607224,11
1031,603669930,6
1031,604843033,46
1031,613646873,39
1031,614506531,230
1031,633655659,371
1031,633657404,52
1031,633657421,423
1031,633657657,4
1031,633658299,623
1031,633659945,147
1031,633660544,386
1031,633691953,340
1031,633698690,8
1031,633699009,341
1031,634521013,1
1031,634618341,1
1031,634814867,29
1031,634887368,2412
1031,644586379,638
1031,654513640,2236
1031,654591331,55
1031,654594692,2
1031,654630266,64
1031,664243921,16
1031,674658215,15
1031,674687477,26
1031,684612491,238
1031,684657353,352
1031,684662790,458
1031,694350965,35
1031,694503987,2
1031,694505520,162
1031,694513876,429
1031,694552047,151
1031,694553367,45
1031,694554060,1503
1031,694554940,150
1031,694555017,36
1031,694556661,1
1031,694557158,1
1031,694557632,1
1031,694559662,120
1031,694623403,68
1031,703658046,2777
1031,703676790,11
1031,703677086,22
1031,716228330,3
1031,763403540,4
1031,763419884,10
1031,766833524,90
1031,766841027,147
1031,766906128,16
1031,766906618,526
1031,766906628,21
1031,766932181,357
1031,766941485,87
1031,796101250,54
1031,796103883,2
1031,796104206,45
1031,796147863,5
1031,796181117,4
1031,796193777,2
1031,796198909,121
1031,796230309,179
1031,796332538,2
1031,796703323,44
1031,796731831,389
1031,796747123,45
1031,796747447,51
1031,796779013,4
1031,796783148,38
1031,796831146,352
1031,797052345,111
10001,478846183,28
10001,664580027,41
10001,704819386,674
10001,796041462,520
10006,439801855,4
10006,454421110,847
10006,476608293,16
10006,488879496,1
10006,503637794,1
10006,504608432,138
10006,504801551,8869
10006,506333446,16
10006,555048431,50
10006,555084632,2
10006,555252669,13
10006,555264521,9
10006,555594030,1
10006,567956678,81
10006,597680594,129
10006,602543660,72
10006,603621479,23
10006,603629703,2323
10006,603682913,273
10006,610849348,216
10006,613627040,2615
10006,613662966,21
10006,613670341,3
10006,613673007,46
10006,624614336,101
10006,624654813,36
10006,625366844,114
10006,633603390,84
10006,633639284,533
10006,633692981,18
10006,634591297,583
10006,644801599,199
10006,654583208,308
10006,654597347,178
10006,654640749,29
10006,654695876,1766
10006,662472872,250
10006,664616078,1
10006,674262151,23
10006,674678410,24
10006,684033982,1
10006,684591096,601
10006,684679504,17
10006,694502078,942
10006,703635544,48
10006,703639088,107
10006,703673314,5
10006,704572811,26
10006,704814141,25
10006,704816324,188
10006,704838799,28
10006,734503520,678
10006,754034492,20
10006,763713235,30
10006,763746292,5
10006,766624699,35
10006,766801784,20
10006,766875529,3
10006,766877679,15
10006,783459214,85
10006,796006946,19
10006,796064111,13
10006,796090050,371
10006,796105461,67
10006,796217108,3
10006,796681458,14
10006,796799777,4
10006,796991718,2045
10010,503222677,5
10010,503643331,142
10010,504517292,3
10010,504842664,107
10010,562762091,14
10010,603656238,3
10010,604806117,14
10010,604808213,57
10010,604809418,1
10010,604884769,470
10010,613606378,429
10010,613606810,16
10010,613609081,81
10010,613646880,36
10010,613665439,1
10010,624513151,570
10010,624519804,58
10010,633632348,326
10010,633653291,36
10010,634620862,104
10010,634880568,20
10010,641079999,12
10010,644510739,17
10010,644569139,1
10010,644571744,2
10010,644578827,20
10010,644607017,1
10010,644608817,1
10010,644615060,10
10010,644642146,247
10010,644685529,1213
10010,653545198,1
10010,654524591,14
10010,654552009,1123
10010,654570360,179
10010,654583868,88
10010,654589747,1267
10010,654594609,94
10010,654618797,2
10010,654635399,94
10010,654657804,19
10010,654658304,33
10010,654662298,88
10010,664591302,17
10010,674666411,1074
10010,684603638,29
10010,684607698,43
10010,684632848,13
10010,694503933,27
10010,694516117,10
10010,694613708,22
10010,703608569,140
10010,703624113,22
10010,703627024,163
10010,703628781,14
10010,703677456,2
10010,703680909,34
10010,703686068,4
10010,704503916,1
10010,704509082,56
10010,704806771,334
10010,704809862,3
10010,704812127,4
10010,704835674,3
10010,704849578,45
10010,737304385,1658
10010,763618699,138
10010,764058871,817
10010,766818074,1068
10010,766826474,17
10010,766861769,74
10010,766883353,26
10010,767335777,16
10010,789609198,124
10010,796013722,7
10010,796026033,15
10010,796058927,6
10010,796065954,6
10010,796071880,9
10010,796095552,20
10010,796097546,20
10010,796210520,3
10010,796230772,74
10010,796607300,3
10010,796621227,31
10010,796651416,84
10010,796671616,3
10010,796790999,119
10014,604844248,18
10014,634519722,27
10014,654600141,101
10014,654606489,350
10014,684653433,15
10014,684654089,53
10014,763402068,4
10014,766902485,298
10014,766902866,353
10014,796142988,618
10014,796204137,506
10014,796204998,9
10014,796736160,187
10014,796750196,119
10022,481567444,256
10022,503651405,83
10022,503652115,1
10022,503652369,18
10022,503654017,35
10022,503654336,6
10022,503655193,301
10022,503655723,68
10022,503658705,255
10022,503659707,127
10022,503659868,935
10022,503661050,6
10022,503661098,639
10022,503672234,1416
10022,503672480,316
10022,503672999,108
10022,504516827,68
10022,504518264,115
10022,504811308,352
10022,504811674,2854
10022,504815119,1051
10022,504820931,123
10022,583231559,3
10022,583262581,2
10022,614504291,4
10022,614518530,1
10022,615723736,51
10022,624605850,16
10022,633646098,17
10022,633678671,48
10022,633678868,17
10022,633679029,1688
10022,634511909,365
10022,634812241,1
10022,634888182,31
10022,634888482,202
10022,634888647,35
10022,634888681,31
10022,644517062,24
10022,644563869,89
10022,644564067,232
10022,644564827,122
10022,644565868,125
10022,644566877,228
10022,644567557,123
10022,644568077,1523
10022,644568219,28
10022,644573035,6
10022,644573703,29
10022,644574205,7
10022,654209677,928
10022,654508436,44
10022,654512677,41
10022,654512690,8
10022,654513017,2069
10022,654596144,53
10022,654596279,1
10022,654606727,477
10022,654607777,2132
10022,654623157,118
10022,674507310,182
10022,674507511,102
10022,674507632,14
10022,694511466,3
10022,694511606,81
10022,694511891,401
10022,703668371,169
10022,703668996,16
10022,704518372,1
10022,704848129,45
10022,763407429,78
10022,763407629,129
10022,763446449,29
10022,766930166,4
10022,766965512,19
10022,766966882,32
10022,766996088,36
10022,767000177,67
10022,767000667,501
10022,767000757,14063
10022,796126726,176
10022,796149165,9
10022,796149266,4
10022,796195987,22
10022,796200024,8
10022,796224997,231
10022,796227721,45
10022,796227799,21
10022,796424079,15
10022,796706222,768
10022,796731107,2312
10022,796742044,75
10022,796766863,18
10023,427913447,42
10023,504843945,1
10023,592001027,39
10023,633689738,23
10023,654667318,192
10023,756793083,217
10027,421332806,1
10027,421336148,2
10027,424260201,174
10027,434532256,336
10027,439118574,2
10027,503614186,6
10027,503614252,9
10027,503663437,21
10027,504512114,1
10027,504845010,232
10027,511667071,2
10027,524812179,1
10027,555331414,16
10027,555391961,21
10027,581520666,3
10027,584634836,71
10027,604514814,9
10027,604804571,73
10027,604844977,31
10027,613613649,1
10027,613619157,11
10027,613623168,8
10027,613630185,133
10027,613661787,3534
10027,614511671,39
10027,624608260,493
10027,633607949,16473
10027,633650306,353
10027,633662477,153
10027,633672219,253
10027,644510169,47
10027,644573976,4
10027,654398310,148
10027,654531730,8
10027,654550094,120
10027,654556721,8
10027,654588448,313
10027,654614184,9
10027,654625401,68
10027,664605800,15
10027,664616831,475
10027,674631929,16
10027,674656299,779
10027,674680211,30
10027,684510048,2
10027,684624117,60
10027,703605974,2
10027,703613394,5
10027,704503138,2387
10027,704510849,38
10027,704511547,113
10027,704808319,4
10027,704810831,108
10027,704841889,33
10027,704850860,571
10027,752056995,88
10027,763686263,173
10027,766824457,1
10027,766828000,2652
10027,766857509,46
10027,766860871,17
10027,766865157,56
10027,766869692,42
10027,766883348,393
10027,766887834,569
10027,766897288,47
10027,796063353,10
10027,796078767,7
10027,796080411,1376
10027,796080711,6
10027,796087620,140
10027,796128888,27
10027,796199999,24
10027,796610637,183
10027,796610811,142
10027,796612647,3415
10027,796614612,6
10027,796622240,2
10027,796731170,33
10027,796786263,2
10027,796826287,138
10027,796826561,4
10027,796829483,208
10038,555003949,28
10038,603689692,340
10038,604513687,153
10038,604807804,6
10038,613604989,2
10038,613659674,29
10038,613676642,22
10038,613676704,576
10038,624879033,1
10038,633642055,46
10038,633642869,253
10038,634805964,18
10038,644588455,132
10038,654621368,599
10038,664606098,787
10038,664620788,106
10038,674193023,112
10038,681567794,286
10038,684603894,125
10038,684640827,276
10038,704516066,1032
10038,704517093,4
10038,704518433,2
10038,704584538,142
10038,766866230,834
10038,766891982,23
10038,766996968,11
10038,796032083,7
10038,796087865,24
10038,796088507,264
10038,796094633,3
10038,796100195,29
10038,796166444,339
10038,796617674,199
10038,796632726,627
10038,796656601,51
10038,796675957,2
10041,555568611,30
10041,604508079,99
10041,613617568,11
10041,654536372,31
10041,694559946,270
10041,703651229,13
10041,735155444,496
10041,766556644,8
10041,796230117,5
10043,421350396,4
10043,432009014,995
10043,439739904,148
10043,472566983,2
10043,501057834,2
10043,503689336,643
10043,504845950,85
10043,514659995,1
10043,521794996,33
10043,552422338,6
10043,555334148,139
10043,574283421,121
10043,601214383,177
10043,603627299,50
10043,603629920,154
10043,603640888,168
10043,603673086,60
10043,604506237,3259
10043,604512309,120
10043,604875101,23
10043,613607372,103
10043,613608743,26
10043,613615839,39
10043,613619416,3
10043,613625888,4
10043,613637110,11
10043,613643196,2
10043,613672643,376
10043,624517292,7
10043,624606573,24
10043,630386919,20
10043,630399183,621
10043,632264677,66
10043,633634895,17
10043,633640601,294
10043,634811050,191
10043,644604492,175
10043,650847348,17
10043,654523945,154
10043,654545977,45
10043,654562479,24
10043,654637834,49
10043,654647020,73
10043,654690519,15
10043,660046010,11
10043,664512266,62
10043,684629394,117
10043,694505042,207
10043,703602794,74
10043,703623681,347
10043,703660220,573
10043,704812469,37
10043,704848051,57
10043,704850850,2
10043,756567589,80
10043,760681670,157
10043,766824715,774
10043,766832367,655
10043,766839332,537
10043,766859481,5
10043,766874444,27
10043,766876281,242
10043,766947766,2
10043,766981312,133
10043,789881636,10
10043,796061989,628
10043,796076794,5
10043,796089877,5
10043,796095222,29
10043,796601392,24
10043,796608549,168
10043,796618470,1122
10043,796625003,532
10043,796625100,294
10043,796638195,306
10043,796653534,22
10043,796656824,10
10043,796664272,66
10043,796683985,142
10043,796827922,41
10043,796829427,19
10047,503670978,39
10047,564876071,5
10047,603677165,72
10047,604814864,228
10047,604816425,1378
10047,634601252,67
10047,654572678,3
10047,654572880,646
10047,654691396,18
10047,684580726,266
10047,684663340,14
10047,694516668,293
10047,703604456,17
10047,766998312,1
10047,766999106,22
10047,796125747,73
10047,796232164,2
10047,796714007,8
10047,796762464,13
10049,633624041,12
10049,633628660,674
10049,633643639,180
10049,644207710,42
10049,684624003,5921
10049,703622404,545
10049,756894111,10
10050,423141306,28
10050,503652047,64
10050,503652471,126
10050,503654733,412
10050,504517245,166
10050,504517374,99
10050,504518488,2837
10050,633678122,1509
10050,634511606,5
10050,634812304,28
10050,644563864,608
10050,644565349,3
10050,644573998,1
10050,654640974,3
10050,796199242,10
10050,796201090,957
10050,796224215,24
10050,796706511,66
10050,796730345,63
10050,796798318,924
10050,796799030,94
10050,796802366,278
10054,520315821,30
10054,578592797,1741
10054,604511403,13
10054,604521100,24
10054,633661987,294
10054,654548848,10
10054,654570343,1004
10054,665056925,22
10054,684637299,132
10054,796074330,835
10063,410245922,22
10063,504801537,92
10063,504805624,2543
10063,555484333,4
10063,613627533,1675
10063,613656212,7
10063,613657629,51
10063,624503646,115
10063,624514060,32
10063,624514500,1
10063,633604874,336
10063,633673848,1
10063,654521924,4
10063,654569639,128
10063,654569672,81
10063,654684861,7
10063,664615980,1
10063,674685474,1
10063,674694514,420
10063,684555673,5
10063,684621368,249
10063,684630264,622
10063,694510273,2
10063,703633682,73
10063,704846522,52
10063,704850877,87
10063,766809929,12
10063,766854261,752
10063,766869865,1494
10063,766936556,23
10063,796021710,528
10063,796022089,1
10063,796067512,1482
10063,796073490,33
10063,796083708,27
10063,796083984,203
10063,796197271,33
10063,796201197,55
10063,796210043,7
10063,796621456,335
10063,796668300,1398
10063,796673735,1343
10063,796789111,3
10065,603684789,42
10065,613644103,1
10065,633686601,23
10065,654630310,32
10065,674656444,3
10065,674658950,1667
10065,684665160,374
10065,694556766,976
10065,703659763,24
10065,718589985,135
10065,763428611,83
10065,766906570,7
10065,796719324,214
10069,417563777,6
10069,503652988,74
10069,503654138,64
10069,503656190,808
10069,503656214,10
10069,503658708,142
10069,633678122,62
10069,633679051,7
10069,644562316,102
10069,644564939,25
10069,654550899,124
10069,693351581,6
10069,766922807,42
10069,796028456,63
10069,796127544,1
10069,796127989,118
10069,796199762,37
10069,796605934,1088
10071,414425458,9
10071,418232963,7
10071,423162658,3
10071,479979999,1
10071,503634407,16
10071,503661183,19
10071,504502204,219
10071,504511217,1
10071,504519693,69
10071,513340760,71
10071,514656520,9
10071,555455477,160
10071,558035888,2
10071,603618338,9
10071,604654347,533
10071,613400297,281
10071,613601837,8
10071,613605218,10
10071,614612567,51
10071,624599416,46
10071,633618708,38
10071,634821027,8
10071,634821635,55
10071,634849851,90
10071,641258740,16
10071,644508329,18
10071,644596915,77
10071,644609715,277
10071,645000614,11
10071,654505587,38
10071,654519111,12
10071,654671296,269
10071,661164605,80
10071,664610950,2027
10071,674502409,71
10071,674635143,319
10071,674640404,44
10071,674653127,39
10071,674659716,40
10071,674662746,3
10071,674688020,2
10071,684629436,6
10071,684632040,6
10071,703663213,9
10071,704514741,44
10071,704552942,565
10071,704819032,2
10071,704847819,31
10071,754543044,1199
10071,763441013,5
10071,763467713,134
10071,763799302,36
10071,766814631,41
10071,766822526,36
10071,766869042,1
10071,766970006,11
10071,772979373,7
10071,796004210,12
10071,796006752,467
10071,796042777,17
10071,796058624,3
10071,796091680,44
10071,796125861,124
10071,796385807,10
10071,796519639,80
10071,796610495,223
10071,796630055,242
10071,796647305,139
10071,796658945,1977
10071,796696060,7
10071,796728990,6
10071,796811611,494
10072,466375778,1
10072,478846183,9
10072,503627775,2
10072,503632097,111
10072,503679291,1
10072,504544509,11
10072,504859938,6
10072,512652879,14
10072,512663663,286
10072,512684797,9
10072,555192408,81
10072,555244338,19
10072,555259305,20
10072,555264521,24
10072,555271842,2
10072,555326556,261
10072,555369238,11
10072,555379008,10
10072,555399799,11
10072,555423387,1
10072,573961197,17
10072,596916298,42
10072,603653730,3
10072,604021939,2
10072,604263429,1
10072,604514010,1
10072,604557494,191
10072,604583424,4
10072,604816205,44
10072,604848852,10
10072,604859976,362
10072,604860278,7
10072,613630354,10
10072,613677554,206
10072,613678208,3
10072,624559610,1
10072,624583556,1
10072,630583772,27
10072,633642510,16
10072,634554724,21
10072,634604646,2
10072,634604695,4
10072,634816159,31
10072,634889331,53
10072,644546439,27
10072,644570947,1629
10072,644652027,104
10072,654556308,23
10072,654621865,11
10072,654637241,111
10072,664550682,1
10072,674633494,12
10072,684666477,8
10072,695588222,6
10072,703616152,35
10072,704507167,4
10072,704515522,29
10072,704551811,86
10072,704568033,2
10072,704852929,21
10072,704878822,190
10072,722463171,266
10072,763435753,51
10072,763443244,118
10072,763632873,5
10072,763654441,406
10072,763756966,20
10072,766861395,2
10072,766893001,305
10072,785551720,7
10072,796037270,21
10072,796135821,4
10072,796138611,2
10072,796140188,16
10072,796140208,1895
10072,796492691,2
10072,796766398,6
10072,796820851,3
10077,489045551,1
10077,503615326,18
10077,503652614,1
10077,504815001,57
10077,603607485,32
10077,613617646,105
10077,613622034,2
10077,613629578,345
10077,613630496,33
10077,613654692,1260
10077,614521038,1
10077,624504800,212
10077,633624602,29
10077,633647762,3
10077,644501959,3
10077,654503977,1296
10077,654564726,283
10077,654659886,49
10077,674660753,1229
10077,694503158,5
10077,703626108,46
10077,766816941,2
10077,766852296,33
10077,766881265,80
10077,796094223,5
10077,796155121,7
10077,796618104,3
10077,796623210,57
10077,796682101,2945
10077,796684744,2
10077,796812274,9
10079,796224265,1
10091,514574661,4
10091,603695795,6
10091,654508677,4
10091,654595122,22
10091,763450983,2504
10091,766867818,346
10091,766910623,13
10091,796682059,21
10095,420462516,142
10095,430472959,1
10095,433467665,12
10095,464715337,4
10095,503641224,2
10095,504505033,1
10095,504506722,19
10095,559170072,3
10095,566582237,4
10095,576331000,6
10095,581790591,29
10095,603666859,598
10095,633685236,93
10095,633694567,1
10095,654508566,3
10095,654572285,2
10095,660659345,24
10095,671355544,28
10095,684620335,13
10095,694618901,1
10095,701054606,13
10095,704889162,4
10095,717645269,5
10095,734702666,12
10095,766931663,132
10095,766946084,3
10095,766989914,59
10095,766993158,31
10095,785937724,47
10095,796109448,10
10095,796194977,184
10095,796195020,18
10095,796644011,37
10095,796647620,5
10095,796648091,2
10095,796650776,4
10095,796799742,302
10095,798168169,12
10097,504804953,634
10097,603601599,79
10097,603602778,79
10097,603604016,53
10097,603609371,1
10097,614509649,73
10097,614509835,8
10097,614597666,668
10097,633657408,64
10097,633660782,118
10097,633686736,125
10097,634521030,8
10097,634558590,5
10097,634602300,117
10097,634605292,31
10097,634618871,218
10097,654535141,96
10097,654535599,42
10097,654626098,19
10097,654697328,92
10097,654699385,28
10097,674658446,577
10097,684655624,36
10097,694552113,671
10097,694553941,3
10097,694560438,15
10097,694560576,120
10097,694623728,3055
10097,703657293,70
10097,703676774,53
10097,755577456,28
10097,763403116,51
10097,763403335,16
10097,763445197,6
10097,763775228,335
10097,766906434,7
10097,766932734,99
10097,796101319,3
10097,796101858,8
10097,796611210,7
10098,633678833,153
10098,654515215,5
10098,796199566,5
10102,405151825,4
10102,514653691,54
10102,522407455,265
10102,604801856,1
10102,613620777,8
10102,613659817,1
10102,654686839,1297
10102,674678549,1838
10102,703614444,15
10102,703632103,7
10102,704702758,38
10102,796100787,7
10104,416168850,1
10104,416196660,1
10104,417551071,18
10104,472469407,18
10104,503661583,112
10104,568863010,374
10104,604510560,287
10104,604810933,36
10104,604884981,1
10104,613661451,7341
10104,613665618,650
10104,613670703,793
10104,633602787,178
10104,633616622,138
10104,634502361,88
10104,641012051,28
10104,644503119,1088
10104,644553026,5
10104,654656317,7
10104,654662564,2
10104,664602432,18
10104,664668385,17
10104,674631852,342
10104,684631986,967
10104,684635643,230
10104,694517076,14
10104,704817272,297
10104,763449824,49
10104,766819295,22
10104,766851706,4
10104,766853569,2
10104,766878166,53
10105,524859667,6
10105,613609513,1
10105,654522631,608
10105,654568765,2969
10105,684602243,5
10105,694651576,33
10105,704512569,12
10105,766864171,8
10105,796008088,973
10109,427706900,19
10109,483192314,1
10109,503694450,31
10109,504814273,12
10109,512608898,23
10109,512617397,62
10109,512659969,214
10109,555018173,6
10109,555038561,109
10109,555053394,99
10109,555062388,64
10109,555183149,5
10109,555380758,48
10109,604571891,167
10109,614502743,41
10109,614691632,165
10109,624544176,143
10109,624649561,59
10109,633691058,87
10109,634601126,126
10109,634656002,3
10109,644111473,50
10109,645537442,2
10109,654601086,227
10109,654622994,23
10109,654640500,167
10109,654694800,98
10109,654698262,15
10109,654698417,2614
10109,691535256,3
10109,694651958,4588
10109,703240283,18
10109,719703789,41
10109,720442300,1
10109,734511812,41
10109,734542430,27
10109,763434970,2
10109,763434982,4
10109,763685999,198
10109,766712345,95
10109,766810350,22
10109,766913255,21
10109,766913270,145
10109,766914108,4
10109,766920069,310
10109,766978402,121
10109,766978981,36
10109,766984238,97
10109,796136797,52
10109,796137894,62
10109,796148537,6954
10109,796717519,218
10109,796722603,25
10109,796781497,3
10112,438556452,480
10112,465446098,9
10112,503637149,101
10112,504924566,2
10112,540156744,392
10112,552843385,2326
10112,555006316,49
10112,555296773,268
10112,555327889,82
10112,555478331,70
10112,601630554,24
10112,604804330,6
10112,604806802,24
10112,604884265,56
10112,604885036,5
10112,613601410,10
10112,613609440,22
10112,613611027,36
10112,613611527,31
10112,613623782,7
10112,613632244,1
10112,613647716,54
10112,613651467,1
10112,613665007,4
10112,613668384,97
10112,613680900,28
10112,614503732,109
10112,624611540,14
10112,633626744,2
10112,633627675,103
10112,633643334,300
10112,633650266,173
10112,633669942,27
10112,644503823,21
10112,644679788,48
10112,654320867,133
10112,654570914,148
10112,654582712,93
10112,654583812,194
10112,654603310,91
10112,654614445,25
10112,654660412,1172
10112,654664468,23
10112,654686206,16
10112,654700475,174
10112,664503133,162
10112,664507292,5
10112,664612086,327
10112,674613188,2
10112,674627588,13
10112,674646073,241
10112,684518108,26
10112,694501762,58
10112,695423153,1
10112,703601473,4
10112,703622012,1
10112,703626623,82
10112,703628653,8
10112,703639222,11
10112,703683097,15
10112,703689012,294
10112,704502911,48
10112,704503098,7
10112,704505681,16
10112,704510368,14
10112,704513516,380
10112,704813553,253
10112,704849326,937
10112,766813439,4
10112,766816696,30
10112,766857788,85
10112,766873478,1
10112,766880710,5
10112,774488888,93
10112,796004637,17
10112,796157117,50
10112,796605310,16
10112,796617271,1
10112,796633842,2
10112,796640108,865
10112,796652740,347
10112,796673432,68
10112,796683982,3
10112,796810930,5
10112,796829879,120
10113,503607950,16
10113,503609580,18
10113,503619367,2
10113,613654519,8
10113,633663623,903
10113,644583697,13
10113,654514587,62
10113,654597403,694
10113,664508337,85
10113,674519674,85
10113,684506938,766
10113,684617835,5909
10113,703617056,19
10113,703637105,62
10113,763445638,514
10113,766947601,1
10113,766954951,187
10113,766986574,647
10113,796121213,1
10113,796122087,101
10113,796171184,5
10113,796205396,103
10113,796641431,201
10113,796738138,36
10113,796769404,548
10113,796784268,167
10119,402155042,146
10119,431148902,2612
10119,439405333,56
10119,484539878,2
10119,501261434,6
10119,502868666,10
10119,503681534,1
10119,503689076,77
10119,504512279,36
10119,504518377,4
10119,504817168,9
10119,504842668,10
10119,504848915,1
10119,504889639,54
10119,520928557,117
10119,552843385,1
10119,581525630,9
10119,603611790,9
10119,603648179,15
10119,603682715,21
10119,604522630,4
10119,604670518,49
10119,604801288,20
10119,604801663,38
10119,604801833,3
10119,604806914,1
10119,604817299,73
10119,604888106,1339
10119,613601833,16
10119,613604236,29
10119,613608794,219
10119,613612284,1041
10119,613617055,35
10119,613623442,99
10119,613626402,29
10119,613643206,110
10119,613665752,1
10119,613679247,8
10119,614520027,272
10119,624493334,26
10119,624505581,59
10119,624509134,35
10119,624544176,66
10119,624603214,141
10119,633621723,112
10119,633639440,51
10119,633639691,8
10119,633640863,448
10119,633664266,28
10119,633680020,90
10119,633685728,2
10119,634511607,89
10119,644509468,8
10119,644573095,5
10119,644575391,689
10119,644575559,59
10119,644612322,2930
10119,644617591,31
10119,644617920,185
10119,654505494,20
10119,654539719,8
10119,654544889,264
10119,654552124,224
10119,654586758,19
10119,654586833,2
10119,654587761,33
10119,654645100,273
10119,654661305,7
10119,654666789,118
10119,654668818,160
10119,654682830,26
10119,654689643,1773
10119,664504360,106
10119,664511883,1
10119,674573130,525
10119,674613188,3
10119,674620686,1373
10119,674626080,2
10119,674630733,3
10119,674631090,1
10119,674635478,68
10119,674638028,62
10119,674661278,244
10119,674677253,79
10119,684607052,1
10119,684609929,36
10119,684626197,73
10119,694661486,7
10119,703604795,8
10119,703606587,459
10119,703614169,99
10119,703614905,332
10119,703616469,227
10119,703635581,4
10119,703642444,843
10119,703667516,32
10119,704510695,89
10119,704558217,1
10119,704815526,8
10119,751743315,28
10119,766831671,1001
10119,766844166,40
10119,766845718,1006
10119,766856173,72
10119,766863072,98
10119,766875291,145
10119,766877859,1717
10119,766995916,13
10119,796028566,1682
10119,796029568,41
10119,796032466,198
10119,796062581,25
10119,796067787,12
10119,796077398,492
10119,796079292,10
10119,796084379,51
10119,796088312,234
10119,796095892,16
10119,796212720,229
10119,796223329,27
10119,796490660,23
10119,796607023,577
10119,796612946,12
10119,796619829,163
10119,796639083,27
10119,796664676,52
10119,796664686,110
10119,796672227,7
10119,796676973,678
10119,796690621,1569
10119,796748855,106
10119,796781389,10
10119,796823210,32
10119,796825384,49
10119,796825385,63
10122,482457900,6
10122,503674380,29
10122,503677491,6
10122,503681739,4
10122,504803046,29
10122,504805305,8
10122,504820089,819
10122,528141888,850
10122,603621780,82
10122,603624747,5
10122,603627770,655
10122,603627797,1
10122,603628285,387
10122,603632113,244
10122,603633294,1307
10122,603635040,786
10122,603638176,2
10122,603640082,76
10122,603674976,132
10122,604501696,1
10122,604504748,146
10122,604508099,124
10122,614508191,3755
10122,624512255,773
10122,633689799,39
10122,633689998,121
10122,634506027,4
10122,634510909,12
10122,634608811,24
10122,634611175,221
10122,634612008,20
10122,634802212,13
10122,634886766,1
10122,644591105,21
10122,654531498,36
10122,654580299,947
10122,654593339,2530
10122,654617856,1
10122,654629827,694
10122,654666410,54
10122,684619168,23
10122,694624317,96
10122,694625402,74
10122,694628198,42
10122,694629299,52
10122,694629990,10
10122,703610847,83
10122,703662632,16
10122,704890630,29
10122,763408979,103
10122,763414512,251
10122,763423115,3264
10122,766611166,14
10122,766853822,274
10122,766911385,84
10122,766912069,4
10122,766927031,63
10122,766934565,12
10122,766937809,25
10122,796062621,274
10122,796115577,5
10122,796118148,2
10122,796118220,34
10122,796118288,78
10122,796178729,18
10122,796178886,1
10122,796182472,19
10122,796184444,10
10122,796184603,8
10122,796184963,127
10122,796191110,2593
10122,796222120,8
10122,796222300,38
10122,796222393,12
10122,796656792,39
10122,796663335,10
10122,796729399,2
10122,796729716,268
10122,796733222,2
10122,796748111,2
10122,796748866,34
10122,796772677,10
10122,796772732,1397
10122,796793388,6
10122,796793757,160
10122,796817108,91
10127,503648005,330
10127,504501932,1852
10127,654567925,260
10127,674518580,475
10127,694612117,66
10127,780356969,6
10127,796197376,157
10127,796647433,11
10129,410065548,13
10129,410109074,15
10129,410934267,77
10129,412240223,8
10129,421361537,45
10129,424291222,491
10129,430230918,7
10129,431165703,610
10129,439330870,1
10129,468084447,84
10129,470164820,30
10129,485160931,17
10129,486997190,46
10129,503607104,2
10129,503649654,9
10129,503679646,119
10129,503682748,58
10129,503689259,17
10129,503689634,13
10129,504805748,2
10129,504842190,119
10129,504850933,1192
10129,522672431,14
10129,545123306,20
10129,555009761,128
10129,555266414,1
10129,555740984,220
10129,556448777,2
10129,591210502,2
10129,601036494,11
10129,603601890,78
10129,603638389,61
10129,603643153,17
10129,603688690,12
10129,603689943,1
10129,604517301,27
10129,604520940,3
10129,604699189,97
10129,604884261,58
10129,604886371,150
10129,604890700,7
10129,613605782,27
10129,613626947,25
10129,613628050,14
10129,613650807,314
10129,613657781,19
10129,613661447,7
10129,613662033,31
10129,613665137,51
10129,613666430,36
10129,613670087,249
10129,613671054,3685
10129,613674016,15
10129,613675678,21
10129,614518208,12
10129,616102283,40
10129,621240315,24
10129,624501493,327
10129,624505933,33
10129,624508591,96
10129,624511621,100
10129,624515293,7
10129,624517072,5
10129,624602751,49
10129,624612891,771
10129,633606759,20
10129,633609559,404
10129,633611283,525
10129,633613027,14
10129,633614055,287
10129,633614184,103
10129,633615272,9
10129,633620992,11
10129,633624101,33
10129,633624649,31
10129,633629342,9
10129,633634154,2
10129,633644175,75
10129,633645709,175
10129,633646951,26
10129,633649098,30
10129,633649356,13
10129,633664599,2
10129,633666661,16
10129,633669664,3
10129,633671002,71
10129,633682239,70
10129,633701026,10
10129,634503635,44
10129,634504268,43
10129,634514391,1
10129,634605019,3
10129,634804994,13
10129,634882392,8
10129,643164003,271
10129,644501886,1
10129,644504961,3
10129,644509565,44
10129,644570548,17
10129,644572539,450
10129,644575811,3
10129,644580997,489
10129,644604423,452
10129,644606521,42
10129,644608226,4
10129,644609276,16
10129,644609572,427
10129,644610601,17
10129,644616931,2
10129,644617814,15
10129,644618150,228
10129,644648431,32
10129,654506379,9
10129,654509195,1
10129,654527182,131
10129,654530529,6
10129,654544183,1
10129,654548241,1
10129,654552988,8
10129,654554336,260
10129,654554620,30
10129,654564388,611
10129,654566595,17
10129,654568741,22
10129,654583094,2
10129,654586287,35
10129,654588891,72
10129,654643302,164
10129,654654213,132
10129,654658620,886
10129,654664793,12
10129,654665034,14
10129,654674110,61
10129,654676176,1
10129,654677365,8
10129,654686071,2248
10129,664501475,72
10129,664503032,1
10129,664509287,30
10129,664510421,370
10129,664613622,264
10129,674617455,19
10129,674619421,898
10129,674632936,18
10129,674635756,173
10129,674637595,217
10129,674640910,34
10129,674651746,1
10129,674659379,14
10129,674659966,1
10129,674666982,36
10129,674669987,85
10129,674670505,10
10129,674670636,50
10129,674680731,64
10129,674683479,57
10129,676088888,82
10129,682112514,27
10129,684502717,35
10129,684502977,4
10129,684512466,83
10129,684513482,288
10129,684520583,9
10129,684556627,12
10129,684602592,2
10129,684603726,824
10129,684604197,143
10129,684633341,134
10129,684640009,122
10129,694506332,338
10129,694544104,48
10129,701194033,9
10129,703604165,957
10129,703605891,133
10129,703607533,226
10129,703628824,18
10129,703630592,113
10129,703632196,13
10129,703640228,2
10129,703643849,3
10129,703643877,10
10129,703644655,352
10129,703648904,28
10129,703650944,358
10129,703660171,20
10129,704501744,784
10129,704503971,323
10129,704511859,26
10129,704512098,188
10129,704515752,21
10129,704516383,45
10129,704518689,318
10129,704803827,10
10129,704811564,55
10129,704813368,6
10129,704815670,2
10129,704871032,147
10129,706200269,16
10129,718393789,1824
10129,735976268,311
10129,763435255,81
10129,763440502,99
10129,763440990,37
10129,766803445,4
10129,766813088,10
10129,766815204,7
10129,766817228,1
10129,766817891,156
10129,766818571,25
10129,766827545,42
10129,766833289,28
10129,766833534,869
10129,766833730,20
10129,766841341,93
10129,766842208,10
10129,766842670,51
10129,766846784,11
10129,766851068,10
10129,766851775,67
10129,766852176,74
10129,766852833,1311
10129,766854439,2
10129,766856909,925
10129,766858287,278
10129,766859040,22
10129,766859400,20
10129,766860236,1767
10129,766867607,392
10129,766869117,385
10129,766869245,4
10129,766873316,98
10129,766883312,48
10129,766884143,81
10129,766884396,5
10129,766887944,15
10129,766888733,15
10129,766890915,18
10129,766897334,184
10129,766906967,131
10129,766927456,63
10129,766963940,1
10129,766983212,756
10129,766986914,64
10129,766988260,69
10129,766995061,183
10129,766996968,15
10129,766999389,4
10129,796003092,26
10129,796003794,55
10129,796023610,48
10129,796024478,66
10129,796031840,59
10129,796055903,315
10129,796056097,1
10129,796057570,38
10129,796060056,31
10129,796064378,793
10129,796067193,2
10129,796073797,3
10129,796080018,84
10129,796081289,32
10129,796083119,113
10129,796084760,732
10129,796090667,79
10129,796093926,189
10129,796095501,13
10129,796100345,119
10129,796114914,1
10129,796121397,394
10129,796612122,3
10129,796620448,2
10129,796620808,3
10129,796626467,95
10129,796628122,43
10129,796637855,2
10129,796638488,27
10129,796640400,82
10129,796647617,2
10129,796653175,95
10129,796653931,18
10129,796656914,111
10129,796658610,3
10129,796659239,18
10129,796661221,10
10129,796662701,22
10129,796665661,6
10129,796670868,82
10129,796679749,226
10129,796684054,7
10129,796688336,1
10129,796690621,260
10129,796702510,15
10129,796734751,7
10129,796749441,2
10129,796822268,128
10129,796830613,57
10129,796836472,225
10138,614516943,196
10138,634606394,770
10138,664617302,35
10138,704444044,79
10138,766957646,13
10138,796694785,13
10139,604819952,78
10139,614691632,11
10139,633652163,21
10139,633690543,64
10139,633690820,3
10139,634601166,30
10139,634809521,3
10139,654574065,88
10139,654599872,57
10139,664001117,1
10139,674655667,416
10139,684652253,2
10139,684663727,567
10139,734181388,241
10139,763430772,33
10139,766901717,11
10139,766982344,116
10139,766982693,4
10139,766997639,1
10139,796125269,9
10139,796158166,621
10139,796232887,54
10139,796705983,770
10139,796792073,47
10148,410872125,3
10148,417850381,12
10148,430996855,2
10148,503661788,77
10148,504518338,1245
10148,585439977,32
10148,596552851,907
10148,603626411,15
10148,603635175,2319
10148,603659929,74
10148,603661109,289
10148,603691120,114
10148,604807633,32
10148,613601807,9
10148,613607082,1
10148,613655045,232
10148,613659289,55
10148,614519524,12830
10148,624571560,293
10148,624618108,18
10148,624620718,1
10148,633601991,5
10148,633610888,28
10148,633622797,1552
10148,633631487,186
10148,633639437,2173
10148,634501807,3302
10148,644505365,74
10148,644587664,2
10148,644605477,1
10148,644619328,4486
10148,654510119,833
10148,654526149,659
10148,654566006,383
10148,654660486,156
10148,654670176,6
10148,664608889,15
10148,664611428,1002
10148,674686912,11
10148,674689527,60
10148,676909535,5
10148,684509162,194
10148,703638854,147
10148,703684899,102
10148,704507774,28
10148,704509840,90
10148,704517639,256
10148,704802254,39
10148,704810056,22
10148,763703217,1429
10148,766814392,87
10148,766817802,6
10148,766854489,594
10148,766862996,835
10148,766878068,3
10148,766886462,22
10148,766888880,116
10148,766892148,1500
10148,766893432,365
10148,796004708,462
10148,796054061,570
10148,796071531,16
10148,796081034,240
10148,796101028,12
10148,796484374,1426
10148,796622028,3
10148,796631244,330
10148,796634149,73
10148,796640252,8
10148,796657866,22
10148,796669460,34
10148,796673140,2
10148,796673880,292
10148,796700787,308
10149,489658944,195
10149,613608207,153
10149,654584163,12
10149,766868240,15
10149,766871316,7
10149,766882610,2
10149,796055110,3
10149,796071735,57
10149,796672444,10
10153,439554958,2
10153,504635928,5
10153,624507388,15
10153,633608226,221
10153,664515851,79
10153,684606794,247
10153,796095196,430
10153,796617801,145
10153,796627715,39
10155,431168467,323
10155,503686830,88
10155,504520289,1
10155,504841417,333
10155,504848881,296
10155,520581837,7
10155,527062222,35
10155,552315364,6634
10155,555368128,4
10155,555380777,87
10155,566738686,3
10155,603603041,5
10155,604502421,396
10155,604514010,1
10155,604518844,72
10155,604890147,266
10155,613601164,29
10155,613604113,6
10155,613614605,8
10155,613614782,175
10155,613647088,64
10155,613670074,6
10155,613675358,105
10155,613677554,6
10155,614505888,1
10155,614508637,207
10155,624506729,702
10155,633609746,40
10155,633616692,10
10155,633626659,25
10155,633637254,191
10155,633637651,29
10155,633665839,2
10155,633700604,761
10155,644501619,6
10155,644505028,3
10155,644585766,34
10155,644602220,128
10155,644609038,184
10155,654502023,75
10155,654537521,25
10155,654614189,452
10155,654665701,786
10155,654666551,217
10155,654666552,35
10155,674508844,13
10155,674623363,175
10155,674638219,117
10155,674639276,30
10155,674643410,20
10155,674669592,5
10155,684625004,1
10155,684637310,83
10155,694504976,1
10155,694520566,92
10155,703607477,324
10155,703614820,710
10155,703632638,314
10155,704502869,8
10155,704514151,29
10155,704515404,5
10155,704809121,6
10155,762139789,1
10155,766810402,6
10155,766827472,2
10155,766827665,90
10155,766843328,152
10155,766864158,1
10155,766864971,356
10155,766878093,24
10155,766887489,1
10155,766897421,21
10155,766980887,141
10155,796056833,44
10155,796061908,219
10155,796072760,158
10155,796083998,13
10155,796168990,787
10155,796572370,471
10155,796601780,8
10155,796613703,98
10155,796625555,5
10155,796634905,53
10155,796658992,2
10155,796790011,35
10155,796823315,431
10155,796829273,151
10155,796830109,37
10155,797085901,61
10159,439785444,297
10159,472357903,28
10159,504517666,16
10159,514540359,9
10159,546449121,19
10159,555351776,11
10159,585510456,161
10159,590627030,15
10159,603612673,22
10159,604801249,31
10159,604802050,56
10159,611423788,86
10159,613618128,1
10159,613656911,2363
10159,613666693,5
10159,624512709,1
10159,624607831,51
10159,633616343,50
10159,633661462,341
10159,651004907,21
10159,654582669,23
10159,654656715,6
10159,654686128,5
10159,674638024,525
10159,693640881,1
10159,694519671,6
10159,694627577,2
10159,704515700,60
10159,704806310,1
10159,704812995,369
10159,704843790,10
10159,766829907,299
10159,766888590,34
10159,766988797,671
10159,793481110,156
10159,796006473,24
10159,796094540,130
10159,796604888,69
10159,796662189,458
10159,796664479,108
10159,796822818,298
10159,796823926,98
10159,796829888,18
10159,798168169,5
10160,503611499,1533
10160,504806118,1674
10160,603680205,1140
10160,604640171,43
10160,604815133,102
10160,634507923,11
10160,634619933,427
10160,654694033,1
10160,684576965,710
10160,684577098,75
10160,763421516,21
10160,766858510,12
10160,766980329,12
10160,796143186,559
10160,796702801,14
10160,796705254,168
10160,796740139,253
10160,796820110,287
10163,624602189,7
10163,624611463,30
10163,703606791,1169
10168,416902804,20
10168,439785978,3
10168,504807605,99
10168,603677124,230
10168,603677529,1931
10168,604815608,58
10168,604816935,1
10168,633652221,303
10168,633655230,2
10168,633691040,330
10168,634512830,21
10168,634813499,82
10168,654536080,175
10168,654573253,3
10168,654573508,36
10168,654604244,147
10168,654616198,2
10168,654625590,3
10168,674642065,71
10168,703650417,111
10168,763430493,50
10168,763431084,55
10168,763432133,291
10168,766923343,7
10168,766952228,307
10168,766962041,475
10168,766997444,121
10168,796143179,13
10168,796232289,2
10168,796709507,213
10168,796727255,32
10168,796755451,323
10168,796788829,25
10168,796791266,341
10169,436441988,5
10169,462736810,28
10169,475962835,509
10169,514534237,781
10169,552234430,7
10169,603639378,45
10169,603656799,1
10169,604886902,1
10169,613601395,19
10169,613628945,75
10169,613644729,628
10169,613646903,17
10169,613652419,85
10169,613652918,7
10169,613656102,978
10169,613659368,676
10169,613666869,7
10169,614515041,202
10169,624504090,57
10169,624514745,119
10169,633611241,45
10169,633625900,178
10169,633628608,3
10169,633642536,1
10169,633650590,239
10169,644509209,54
10169,644656678,4
10169,649186787,8
10169,654501471,4
10169,654503810,4
10169,654511083,1344
10169,654528400,496
10169,654528967,54
10169,654551502,4
10169,654556660,1272
10169,654563348,1
10169,654568947,81
10169,654690953,102
10169,673903334,12
10169,674630182,509
10169,694307289,9
10169,703606429,24
10169,703624896,617
10169,703630699,150
10169,703646426,21
10169,704513258,7
10169,704811313,433
10169,704815139,278
10169,704820240,6
10169,763758033,8
10169,766803991,105
10169,766824030,55
10169,766824377,9
10169,766824974,159
10169,766830929,729
10169,766846107,21
10169,766850309,845
10169,766855174,9
10169,766869776,1
10169,766882846,3
10169,796039481,6
10169,796123224,4
10169,796157314,3902
10169,796626637,27
10169,796677347,65
10169,796679589,224
10169,796682260,47
10176,402207177,1
10176,405890714,1
10176,410107658,3
10176,426259169,9
10176,431134861,38
10176,456902345,27
10176,471349110,15
10176,503603632,1040
10176,503604247,207
10176,503606758,1
10176,503608531,3
10176,503612301,127
10176,503614536,7
10176,503620710,12
10176,589391665,2
10176,603676062,1218
10176,604819577,56
10176,604849337,9
10176,613647220,8
10176,614503727,20
10176,614514827,41
10176,633676670,28
10176,633676979,26
10176,633680854,21
10176,633692387,1
10176,633692442,314
10176,634620047,58
10176,634620071,9
10176,644509410,1
10176,654538208,132
10176,654575913,15
10176,654579972,54
10176,664503988,423
10176,664507658,3
10176,674660911,2082
10176,674661105,85
10176,674694326,71
10176,674695070,13
10176,684506998,16
10176,684576689,778
10176,684576695,174
10176,684579098,2
10176,684665547,416
10176,684668571,144
10176,693558453,2
10176,722904685,215
10176,763413878,594
10176,763416125,171
10176,763440937,3550
10176,766936152,914
10176,766965651,36
10176,766980423,12
10176,796119831,46
10176,796122272,56
10176,796143292,76
10176,796143681,195
10176,796185663,370
10176,796205244,181
10176,796208786,1038
10176,796209664,135
10176,796209796,2
10176,796703080,2
10176,796740284,2
10176,796745313,61
10176,796771156,8
10176,796775155,418
10176,796819140,45
10180,501193793,2
10180,503612311,4
10180,603663280,259
10180,604819668,3
10180,613610858,5
10180,613662666,14
10180,633676188,164
10180,634507411,10
10180,634507578,1029
10180,634514854,218
10180,634619856,27
10180,634885299,1
10180,644503272,3
10180,654538890,209
10180,654602334,6
10180,654602970,78
10180,654614451,187
10180,654620120,83
10180,654620271,18
10180,654631654,1
10180,664503439,1329
10180,674660696,3
10180,684502592,83
10180,684508507,4
10180,684511049,51
10180,684578094,153
10180,684617227,182
10180,694611224,69
10180,718835745,20
10180,766819555,1559
10180,766822877,365
10180,766828379,91
10180,766838581,2
10180,766917368,24
10180,766947911,410
10180,766954188,2665
10180,766981236,444
10180,766981412,4
10180,796025333,185
10180,796121388,46
10180,796122138,12
10180,796122188,126
10180,796123124,26
10180,796682181,1
10180,796682815,887
10180,796716831,274
10180,796740899,14
10180,796756701,94
10180,796769121,12
10180,796771328,709
10180,796807661,33
10180,796820045,5
10180,796833988,924
10181,604812279,4
10181,654548071,294
10181,654605343,14
10181,654618116,25
10181,654632650,1
10181,654671201,7
10181,766915322,36
10181,766984874,30
10181,796717444,2
10182,503659887,15
10182,604802313,805
10182,604887479,2421
10182,613603470,102
10182,613628172,557
10182,633650098,58
10182,644569235,1
10182,644619311,13
10182,654646342,2
10182,664602223,8
10182,664602577,4
10182,674634725,141
10182,694510704,601
10182,703619029,192
10182,766807077,19
10182,766817819,212
10182,766834009,239
10182,766858790,665
10182,766888823,3
10182,766893238,157
10182,796054729,232
10182,796056110,18
10182,796062083,128
10182,796074539,57
10182,796088184,12
10182,796162158,4
10182,796638106,6
10182,796639962,34
10182,796680935,2
10184,503613826,1
10184,503650899,69
10184,510061342,3871
10184,595938457,312
10184,603609983,104
10184,604813342,241
10184,613623976,2
10184,613652765,12
10184,613671607,1589
10184,614514649,213
10184,634512726,21
10184,644574479,7
10184,654554314,2
10184,654556303,106
10184,654583973,257
10184,664667679,139
10184,684558116,26
10184,694503014,204
10184,734512023,2324
10184,736457198,73
10184,796351910,307
10186,503657448,392
10186,504516381,3
10186,504516953,1570
10186,504518878,214
10186,614504146,17
10186,634888182,4
10186,644568716,189
10186,763407343,877
10186,766971166,228
10186,796149370,3
10186,796195118,6
10186,796200039,442
10186,796730419,16
10190,472999610,3
10190,503643331,13
10190,504502505,1851
10190,564518581,755
10190,603633433,68
10190,603634425,5438
10190,613609203,92
10190,613645043,61
10190,613670441,48
10190,614680840,428
10190,633606398,1
10190,644519011,4
10190,654505237,1
10190,654582811,1
10190,654620631,581
10190,664577376,635
10190,674603826,342
10190,674686165,5
10190,682347337,4
10190,684616113,63
10190,694502826,142
10190,694554999,15
10190,763450598,3
10190,766911482,1
10190,766928748,2182
10190,796006788,50
10190,796197311,26
10190,796619772,14
10190,796834192,4651
10197,633674338,574
10197,633690411,6
10197,634519808,75
10197,654573023,1
10197,796727844,73
10199,604545984,1
10199,633651792,105
10199,634886043,10
10199,654572593,1
10199,763688144,132
10199,766923677,368
10199,766924051,21
10199,766998724,286
10199,796232564,12
10205,412444259,13
10205,603611603,8
10205,603681459,117
10205,633661667,555
10205,633662679,1037
10205,644666350,7
10205,654566241,127
10205,664516368,276
10205,664633789,3
10205,674612308,3
10205,684632007,1890
10205,704812674,1
10205,766808126,763
10205,766861802,5789
10205,766872066,108
10205,796007821,69
10205,796028893,72
10205,796209343,1
10205,796618208,127
10205,796627929,29
10206,654512964,1559
10206,693351581,2
10210,417801034,4
10210,429914092,60
10210,613624441,3
10210,624606989,159
10210,633634509,17
10210,654553157,13
10210,654567026,80
10210,654654579,211
10210,671705585,3767
10210,674621047,503
10210,674678829,38
10210,704501963,134
10210,704810757,9
10210,796491985,37
10216,504845879,37
10216,564959582,1
10216,603632529,323
10216,603678604,5
10216,603681432,39
10216,604809615,142
10216,613623037,1
10216,613623940,93
10216,613626115,192
10216,613638029,38
10216,613645255,7
10216,613670118,8
10216,614515221,10
10216,633638852,1270
10216,644573175,6
10216,654544029,126
10216,654552726,981
10216,654679082,5
10216,664504325,15
10216,674688997,69
10216,684622498,28
10216,684638879,28
10216,704813685,25
10216,766805392,125
10216,766808422,213
10216,766856780,22
10216,766859197,90
10216,766884830,1
10216,766936770,55
10216,796064811,395
10216,796608386,14
10216,796670617,262
10216,796681823,11
10217,503609542,18
10217,503613864,505
10219,423165063,92
10219,604807419,302
10219,613651090,309
10219,613673690,2
10219,629789501,247
10219,654502198,330
10219,654588779,29
10219,654605261,18
10219,654651828,61
10219,672167297,34
10219,674610324,77
10219,674664089,15
10219,684554488,1
10219,694658006,60
10219,703617927,66
10219,703618895,653
10219,704890963,63
10219,718203217,1
10219,754358444,4
10219,766864749,309
10219,766994025,1
10219,796612010,21
10220,480914222,167
10220,503687911,13
10220,513014908,29
10220,521243845,7
10220,553009491,18
10220,555113600,11
10220,562762091,15
10220,592218998,4
10220,595547062,13
10220,602543660,4
10220,604802348,17
10220,604846572,326
10220,613613106,496
10220,613620193,7
10220,613623976,22
10220,613669617,290
10220,613677357,3
10220,614514649,2238
10220,624501501,3
10220,624603163,51
10220,624605087,2
10220,624611923,5
10220,633640265,8
10220,633691747,211
10220,644577660,2283
10220,644607195,524
10220,644613186,5
10220,654554209,119
10220,654566617,57
10220,654583805,5
10220,654587835,712
10220,654590616,234
10220,674677909,37
10220,684518810,7
10220,694688107,1
10220,703571848,12
10220,703638117,461
10220,703640947,262
10220,704804763,33
10220,736457198,130
10220,766515693,6
10220,766805963,3
10220,766832323,37
10220,766837110,95
10220,766857054,7
10220,796010804,2
10220,796038047,38
10220,796676581,173
10220,796687602,34
10220,796791067,7
10222,604843109,138
10222,613661148,106
10222,654561205,1
10222,694502801,6
10222,694504536,583
10222,766806104,122
10222,796140138,1
10222,796780288,55
10223,503606371,3695
10223,503654387,76
10223,504508876,26
10223,504511138,334
10223,504589947,2
10223,512644310,12
10223,603609466,109
10223,604504524,1
10223,604882869,426
10223,610944216,18
10223,613618337,5
10223,613619140,7
10223,613619297,280
10223,613640345,113
10223,613656847,14
10223,613660879,231
10223,613665366,66
10223,613671628,48
10223,613679418,117
10223,614516070,10
10223,624604193,6
10223,633620587,47
10223,633624678,18
10223,633627296,112
10223,633670107,15
10223,644562019,56
10223,644571882,2
10223,654508233,87
10223,654525712,99
10223,664501773,127
10223,674603624,17
10223,674687175,217
10223,684604348,1
10223,684639778,8
10223,694507922,218
10223,694614256,40
10223,701067305,9
10223,703642643,8
10223,704519769,159
10223,704820833,55
10223,763427776,55
10223,763440796,38
10223,766621112,356
10223,766807180,571
10223,766822713,117
10223,766856351,50
10223,766881787,161
10223,766883954,93
10223,766925917,1
10223,796075947,30
10223,796157220,5
10223,796196354,207
10223,796604948,34
10223,796609444,31
10223,796611961,30
10223,796619388,5
10223,796629640,51
10223,796682886,108
10223,796693342,3
10223,796700566,11
10223,796790293,29
10224,424815378,8
10224,431275638,14
10224,482847529,2
10224,483485511,5
10224,504514895,59
10224,504558006,45
10224,504594838,2
10224,504804663,3
10224,514923340,793
10224,555315316,552
10224,603601808,116
10224,603602629,31
10224,603606142,4
10224,603607296,2453
10224,603609733,16
10224,610782547,25
10224,613654579,243
10224,633661045,465
10224,634555465,521
10224,634578156,22
10224,634814867,5
10224,654474600,179
10224,654513233,44
10224,664510495,31
10224,674685727,5
10224,684548409,67
10224,684612462,327
10224,694513932,3181
10224,694551540,136
10224,694555322,765
10224,694557484,4
10224,694586690,3
10224,694623135,17
10224,694624589,21
10224,703642622,831
10224,704882929,3
10224,734567566,182
10224,739818444,86
10224,763713607,75
10224,763723466,15
10224,763775525,4
10224,763799474,20
10224,764879801,472
10224,764950313,671
10224,766941803,5
10224,766975952,22
10224,766983619,5
10224,796003963,1896
10224,796016542,530
10224,796103458,151
10224,796188016,118
10224,796193220,9
10224,796225675,11
10224,796228840,24
10224,796556386,1
10224,796732099,44
10224,796801306,17
10224,796838821,728
10227,591904232,19
10227,603675117,597
10227,604806704,38
10227,633692372,2687
10227,634620071,18
10227,644608125,2
10227,654566953,1
10227,654661857,12
10227,664516588,305
10227,674615807,3
10227,674675230,1
10227,674685679,20
10227,674685720,1
10227,674695287,138
10227,684501545,13
10227,684505671,357
10227,763415401,10
10227,763440258,18
10227,766935598,171
10227,766981608,1248
10227,796143696,224
10227,796185649,1621
10227,796209952,95
10229,410245744,13
10229,421350354,1
10229,428620005,623
10229,503080391,1
10229,503388127,3
10229,503620504,88
10229,503625167,203
10229,503647042,301
10229,504516309,610
10229,504579456,20
10229,504848336,1372
10229,515379982,104
10229,526465538,3
10229,562972699,73
10229,584532360,133
10229,604816359,557
10229,613539116,2066
10229,613635558,115
10229,613662554,799
10229,613663871,438
10229,624534968,144
10229,633657459,121
10229,633665206,2252
10229,634889208,163
10229,644514421,616
10229,644570452,3
10229,644605663,73
10229,654525554,164
10229,654551353,34
10229,654569661,5
10229,654583287,26
10229,654587977,30
10229,654657834,14
10229,664574528,86
10229,664612311,21
10229,674520130,2
10229,674622983,929
10229,684512166,813
10229,684624136,181
10229,684660962,31
10229,697384641,2
10229,701069322,25
10229,703608135,190
10229,703616921,93
10229,703621057,8
10229,703647397,5
10229,703653628,32
10229,704501772,2
10229,704517629,1056
10229,704806203,42
10229,704810325,2
10229,704813225,71
10229,704815615,49
10229,712119277,12
10229,766551119,23
10229,766806477,1660
10229,766876307,72
10229,794696163,267
10229,796099660,17
10229,796628643,69
10229,796656166,5
10229,796676794,132
10229,796849995,30
10234,503610426,62
10234,503634769,534
10234,503653806,2
10234,504810977,9
10234,553010663,772
10234,555301198,51
10234,555583445,1
10234,581644272,1027
10234,603636326,13
10234,603655008,50
10234,604521038,142
10234,604890291,675
10234,613637031,12
10234,613655029,2214
10234,613655238,365
10234,613661856,22
10234,613666435,213
10234,613666730,66
10234,613676011,28
10234,613680900,152
10234,614503732,353
10234,624503163,223
10234,624508304,305
10234,624518033,11
10234,624603122,85
10234,633602011,3
10234,633629426,998
10234,633633200,127
10234,644512709,54
10234,644513190,8
10234,644573496,4
10234,654320867,34
10234,654505282,16
10234,654554721,20
10234,654637766,139
10234,664504680,8
10234,674622114,2
10234,674622842,488
10234,674626029,2
10234,674626349,72
10234,674633698,1
10234,674636692,71
10234,684608793,45
10234,694501474,752
10234,703601407,7262
10234,704805604,4
10234,704894648,2
10234,734224501,5
10234,766651334,1343
10234,766817876,4
10234,766825277,5
10234,766853212,17
10234,766855380,812
10234,766882946,27
10234,796077789,2
10234,796094341,209
10234,796099667,28
10234,796105494,9
10234,796174700,3
10234,796227226,47
10234,796544562,22
10234,796608211,87
10234,796632544,3
10234,796667738,108
10234,796967275,129
10242,503678388,7
10242,503689498,6
10242,504817927,91
10242,555428998,1
10242,604505726,27
10242,604804945,18
10242,613625946,4432
10242,613632040,4
10242,613641729,8529
10242,613647238,20
10242,613668661,391
10242,624618257,19
10242,633632358,46
10242,633636067,2
10242,633645561,2066
10242,634507385,22
10242,634889296,1752
10242,644575021,459
10242,654501471,12
10242,654504896,4
10242,654569542,329
10242,654589422,1
10242,654665099,252
10242,654665235,45
10242,664690282,1
10242,674615586,14
10242,674624278,8
10242,680235777,1374
10242,684510753,3
10242,684516918,858
10242,684669113,8
10242,684669207,1
10242,684683183,3
10242,694510883,196
10242,703620469,699
10242,703631493,23
10242,703632458,5
10242,703640934,93
10242,703644486,537
10242,703670090,1
10242,704501889,27
10242,704548817,4
10242,704846910,2
10242,714568176,6
10242,754002316,299
10242,766712345,5
10242,766867848,9
10242,766888394,48
10242,766903324,9
10242,796055395,232
10242,796132489,962
10242,796208469,4
10242,796233843,15
10242,796667202,5
10242,796667295,106
10242,796942709,2
10243,504824662,28
10243,555069001,25
10243,555188734,32
10243,578519561,349
10243,579119977,2
10243,598641914,210
10243,603669201,12
10243,604847985,635
10243,604865749,262
10243,604880131,40
10243,604888416,79
10243,604889379,90
10243,604889454,335
10243,613610546,2
10243,613615521,87
10243,613624586,440
10243,613627096,12
10243,613650062,340
10243,613656786,83
10243,613660231,1
10243,613673197,196
10243,614508535,71
10243,614511572,59
10243,614517358,29
10243,624501652,46
10243,624506120,780
10243,624509844,219
10243,624515792,1343
10243,624517037,190
10243,624605975,241
10243,624606785,7708
10243,624617258,20
10243,633629520,165
10243,633640894,176
10243,633662853,15
10243,633684052,788
10243,634857979,1
10243,644616773,26
10243,654508515,179
10243,654523213,30
10243,654523658,83
10243,654568478,125
10243,664510853,256
10243,664601902,10
10243,664602451,14
10243,664617009,2
10243,674628638,115
10243,674639704,12
10243,674661805,3
10243,674662150,1089
10243,684515704,16
10243,684596386,50
10243,684606401,203
10243,684609524,3
10243,684635458,68
10243,694503374,57
10243,694510215,52
10243,699986695,1993
10243,703613800,1
10243,703631850,3
10243,703637768,6
10243,704576325,34
10243,704809247,4
10243,730977015,5
10243,763796283,2
10243,766758159,7
10243,766810725,747
10243,766863573,2384
10243,766865674,76
10243,766867906,21
10243,766877995,173
10243,766885324,149
10243,766888812,906
10243,766893992,1
10243,766895754,11
10243,766896925,1675
10243,767000913,554
10243,796024794,2
10243,796058645,14
10243,796075343,72
10243,796086605,1901
10243,796105513,80
10243,796108733,50
10243,796220701,287
10243,796622880,139
10243,796676488,3
10243,796680355,99
10243,796728435,894
10243,796821452,19
10245,503635214,3419
10245,503636907,207
10245,503640543,1621
10245,504511736,864
10245,504512091,20
10245,504801675,205
10245,603682955,2781
10245,603688049,707
10245,633649712,215
10245,634620236,278
10245,634621038,4793
10245,634889331,1
10245,654634509,1502
10245,654652041,2206
10245,664514245,28
10245,664514354,89
10245,664575867,118
10245,664576649,222
10245,674502373,651
10245,674695613,472
10245,684611252,16
10245,738103456,575
10245,763412851,122
10245,763438436,190
10245,772707888,212
10245,796138947,14
10245,796140186,1245
10245,796140971,59
10245,796610380,2
10245,796616577,192
10245,796783007,74
10246,426392761,359
10246,614666183,532
10246,633692810,20
10246,634507532,9
10246,634619268,39
10246,634818292,452
10246,664517064,15
10246,674519494,1004
10246,674656071,2618
10246,684579913,32
10246,756436870,587
10246,794901110,253
10246,796205744,16
10246,796209982,176
10246,796805678,3
10246,796833611,84
10256,603677275,1893
10256,633652621,208
10256,634506313,1056
10256,634507106,30
10256,634809924,106
10256,654604274,2362
10256,654604374,2965
10256,654619621,159
10256,674654455,1
10256,684668091,50
10256,734547457,22
10256,763420167,119
10256,766190129,35
10256,766923159,407
10256,766929389,59
10256,766998979,135
10256,796164712,2
10256,796232979,67
10256,796710028,641
10256,796754406,171
10256,796762875,6
10256,796809149,229
10262,427919407,282
10262,478802297,20
10262,500732288,42
10262,504094767,2
10262,555093267,7
10262,555553203,10
10262,569366869,38
10262,591090247,118
10262,596218733,1
10262,603170563,1
10262,603602550,24
10262,603605371,13954
10262,604803924,7
10262,604809691,22
10262,614575139,59
10262,633605012,39
10262,634670270,2
10262,644592730,1
10262,644603546,9
10262,644691437,57
10262,644699809,11
10262,654620389,3
10262,654632949,15
10262,654683534,341
10262,654697868,4
10262,664656765,6
10262,674607362,14
10262,674644380,10
10262,684516588,1
10262,684543434,29
10262,684575964,167
10262,694579644,5
10262,694594497,2
10262,694594936,32
10262,696513036,188
10262,703662886,9
10262,716064269,744
10262,716701760,2
10262,734588131,11
10262,756698828,24
10262,763437136,161
10262,763779908,6
10262,766127444,36
10262,766552898,9
10262,766581731,9
10262,766773004,17
10262,766790674,10
10262,792955646,25
10262,796198347,46
10262,796326496,6
10262,796339605,6
10262,796611210,1
10262,796652944,16
10262,796653610,8
10262,796705389,59
10262,796784037,202
10262,796871777,19
10262,796898739,19
10264,401097549,7
10264,613617285,63
10264,644510851,10
10264,654599256,231
10264,664514274,201
10264,674680366,8
10264,684628150,211
10264,766935011,2080
10264,796123997,334
10264,796602750,1364
10264,796616879,13
10268,520571436,663
10268,605310407,347
10268,644619603,6
10268,664505229,45
10268,674606741,1875
10268,693558651,11
10268,703644118,318
10268,704806771,2700
10268,764297584,13
10268,796353422,404
10274,421347875,7
10274,482661758,151
10274,555256656,2040
10274,613616228,2
10274,614511671,30
10274,624608063,76
10274,634563555,94
10274,641939951,63
10274,644509115,16
10274,654501726,6
10274,654514809,4
10274,654599809,145
10274,684506117,4
10274,684638675,917
10274,704512809,18
10274,766802809,14
10274,766835205,14
10274,796062110,3504
10274,796630559,2
10274,796634480,2
10274,796771853,2
10276,470143752,2
10276,533938044,6
10276,552304271,2
10276,654659432,3
10276,766816278,10
10276,766917723,2
10276,796657766,18
10276,796837565,7
10277,516122051,1225
10277,633648437,266
10277,633653578,4
10277,654511746,384
10277,654571874,3133
10277,674697316,176
10277,708996102,86
10277,756501086,10
10277,766958253,28
10277,796715186,1430
10285,504819895,577
10285,589253554,1
10285,603623145,43
10285,603628091,100
10285,604501357,22
10285,613655902,24
10285,624649561,16
10285,633673642,306
10285,654629535,2
10285,654672868,11
10285,694625162,1783
10285,763423284,6
10285,766912041,356
10285,796119722,132
10289,503627840,267
10289,509057090,3
10289,603606506,10
10289,613673616,19
10289,613679057,10
10289,614514777,6
10289,624504445,12
10289,633623743,122
10289,644569770,9
10289,654567688,5
10289,703624391,139
10289,754884862,5053
10289,766812077,14
10289,766826661,687
10289,766856479,1
10289,796006031,20
10289,796652931,4
10289,796681315,103
10298,503612560,1
10298,504519370,296
10298,504881139,3
10298,613629154,163
10298,633646987,160
10298,634810695,60
10298,644503816,44
10298,644607839,61
10298,654515038,57
10298,654575814,921
10298,654602482,1690
10298,654662163,793
10298,664606371,21
10298,674651885,11
10298,674656083,1992
10298,703637460,22
10298,704810951,605
10298,716636997,172
10298,764297558,2
10298,766874640,888
10298,766892744,530
10298,796089241,19
10298,796205539,1188
10298,796208469,423
10298,796210513,2347
10298,796770032,41
10298,796837316,35
10299,464702456,2
10299,503622146,782
10299,503628894,3224
10299,503633738,2080
10299,504519537,65
10299,603690461,213
10299,604503193,90
10299,614561562,1
10299,654614808,247
10299,654700927,485
10299,674655400,44
10299,796139625,158
10299,796140848,264
10299,796213498,48
10300,503601676,82
10300,604882736,101
10300,613639417,26
10300,634882713,834
10300,645420724,7
10300,654525015,2521
10300,654550831,76
10300,654575121,42
10300,674651542,132
10300,766854370,8
10300,766936665,167
10300,796056104,1
10300,796611814,12
10300,796716401,11
10300,796769364,7
10300,796834564,11
10304,503643084,142
10304,503647872,86
10304,504505934,30
10304,624513717,1056
10304,624601310,1070
10304,634605649,608
10304,634608090,1235
10304,634883160,347
10304,684620855,7
10304,694619056,683
10304,703690037,936
10304,766958650,368
10304,796109042,418
10304,796738947,15
10304,796764368,11
10305,404365864,7
10305,430220573,19
10305,458484281,3475
10305,478879102,106
10305,503629527,116
10305,551515539,488
10305,555327390,188
10305,603608122,3
10305,603614598,1400
10305,603682913,147
10305,603687246,64
10305,613601132,172
10305,613680886,27
10305,614564491,5
10305,624607765,78
10305,633632217,68
10305,633646942,6
10305,633672243,442
10305,644501210,95
10305,644510244,100
10305,644647772,98
10305,654507177,67
10305,654568893,50
10305,654589392,97
10305,654686251,10
10305,664505608,3
10305,664615929,1514
10305,674625474,55
10305,674636350,2
10305,674670088,26
10305,674686750,636
10305,684603741,80
10305,684639785,157
10305,694501890,35
10305,703613569,1060
10305,703627812,630
10305,703629291,354
10305,703633391,202
10305,703637969,67
10305,704502684,2
10305,704505757,78
10305,704509628,2
10305,704808897,2165
10305,704845458,3
10305,718804583,8
10305,766832706,2060
10305,766836455,422
10305,766857122,726
10305,766857210,18
10305,766892575,45
10305,766896092,14
10305,766899036,610
10305,770366036,16
10305,796007567,695
10305,796009556,276
10305,796035266,1035
10305,796054562,3
10305,796064576,32
10305,796088810,3
10305,796090795,402
10305,796113517,26
10305,796131767,97
10305,796552106,6
10305,796628819,9
10305,796631849,272
10305,796651889,6
10305,796661614,6
10305,796664491,43
10305,796674346,6270
10305,796829077,226
10305,796829933,20
10306,504813100,11
10306,504850854,11
10306,514677222,20
10306,604887421,57
10306,613607852,19
10306,613626374,3
10306,613679386,356
10306,633602928,1
10306,633618174,97
10306,633625417,171
10306,633662787,10
10306,634528904,115
10306,644491888,11
10306,644573423,15
10306,644601917,8
10306,644605629,167
10306,644608195,79
10306,644614535,12
10306,654505906,605
10306,654524519,683
10306,654532376,27
10306,654552133,5
10306,654554109,769
10306,654599476,45
10306,664605816,1
10306,674631929,766
10306,684624220,27
10306,694501829,6
10306,703613592,6
10306,703643022,283
10306,703675800,46
10306,704815337,157
10306,766824503,11
10306,766852850,77
10306,766870263,47
10306,766898195,42
10306,796027299,6
10306,796048652,1
10306,796054622,5
10306,796061822,2
10306,796076619,744
10306,796090582,4
10306,796091861,1
10306,796158717,58
10306,796620118,58
10306,796628807,11
10306,796654482,73
10306,796663844,34
10306,796680665,9
10306,796682887,18
10306,796828202,783
10308,504502143,2
10308,634811774,109
10308,684613495,243
10309,405034088,2323
10309,411399995,38
10309,428945929,34
10309,466535919,6
10309,480253491,1
10309,500601818,285
10309,503607070,15
10309,555301198,127
10309,555515266,22
10309,588425555,43
10309,603637211,124
10309,604189934,10305
10309,604808346,210
10309,604883900,5
10309,604885073,13
10309,604890001,1
10309,613620010,1
10309,613630850,12
10309,613655238,6
10309,613680061,46
10309,624510484,9
10309,624514120,1686
10309,624517120,27
10309,624613049,2256
10309,633638897,73
10309,633638971,145
10309,643467222,8
10309,654531472,79
10309,664267017,14
10309,674636692,14
10309,684632040,17
10309,684685143,10
10309,701224688,36
10309,703620269,275
10309,703638901,1087
10309,703687419,743
10309,704816307,22
10309,761349612,1
10309,766830174,24
10309,766834911,445
10309,766857711,1
10309,766867120,27
10309,766882443,338
10309,785921447,6130
10309,796019871,23
10309,796070028,7
10309,796070952,14
10309,796098444,127
10309,796617271,7
10309,796622413,1945
10309,796667885,4
10309,796668569,202
10309,796671586,4
10309,796672977,26
10309,796708155,5
10315,603687842,3
10315,613616628,100
10315,624608012,16
10315,624612361,39
10315,644618344,138
10315,654522978,51
10315,654552904,74
10315,684602910,113
10315,704513865,109
10315,766954563,48
10315,796788769,3
