id,group_id
1923259,0
39012,0
613364,0
100951,1
1959069,1
354488,1
822469,1
1048587,2
117551,3
1605726,2
1984690,2
323893,3
852664,2
912171,2
1101472,4
1130496,4
1195226,5
127037,6
1283332,4
1326471,6
133205,7
1368389,7
1388440,8
1492009,7
1513840,7
1529852,9
1571786,10
1613057,10
1632214,4
1640943,6
168587,6
1728432,6
1865282,7
1975667,7
1980139,7
2054472,10
298495,6
353292,10
525323,6
62001,6
626177,4
727998,7
772368,11
953336,4
970547,4
191855,12
2070499,13
72753,14
1634,15
648793,15
1515466,16
1822171,17
350758,16
574013,17
120617,18
404385,18
690569,18
1468523,19
667990,19
1326120,20
230427,20
681153,20
1563594,21
1051814,22
105431,23
1169163,23
1320644,24
1561994,25
383633,22
51784,22
577530,26
600636,23
764378,22
864634,25
1399718,27
1825773,27
584529,27
782960,27
1182208,28
629339,29
1355346,30
1362165,31
1373154,32
1653353,31
2006984,31
2086095,31
232333,32
347424,32
1100326,33
1175999,33
382933,34
971995,34
1024331,35
102963,36
1038241,37
1056414,36
1122878,38
1205773,35
1229798,36
1238599,35
1244573,37
1252377,35
1257525,37
1305074,37
1314488,38
1334857,36
1412361,39
1419334,36
1431931,39
1516371,39
1592157,39
160919,38
1614952,38
1622819,39
1742491,35
1749221,38
1854198,35
1983168,36
2052272,36
2079223,37
306727,38
348911,39
357130,35
405852,37
405927,39
428582,36
49610,38
61313,38
667435,36
677703,37
810466,38
902530,39
96728,35
993331,37
994541,36
996390,38
1513500,40
1656944,40
1401601,41
1434060,41
1633599,41
1656130,41
461824,42
816813,43
866988,42
1079011,44
11269,45
1453207,46
1671980,45
2019983,46
371361,45
408012,45
580645,46
68697,46
1265823,47
166128,47
890518,47
932649,47
108944,48
340699,48
365286,48
2017557,49
764663,49
782811,49
1013683,50
1496683,51
265730,51
1330021,52
1451426,52
1175115,53
1379445,53
1561606,54
1667161,53
1050903,55
1546077,56
1807303,56
1833519,55
350673,56
747172,55
868421,55
891298,55
1080834,57
2024863,57
788374,58
1180872,59
1643449,59
349780,59
2038280,60
1147490,61
1593608,62
384714,61
449035,62
1368768,63
1596740,63
160360,64
1748756,63
2061906,64
2090048,63
612957,64
950113,64
1011997,65
1050842,66
1130942,67
1137983,66
1138370,67
1149129,68
1152015,69
1152794,67
1164114,66
1180493,69
1191147,67
1203764,66
1218278,69
1250778,66
1315406,70
1356429,71
135782,68
1382309,69
14557,65
1536579,70
1544108,65
1656581,69
1699226,66
1706585,66
170786,71
1730075,68
1730626,70
1763220,67
1768688,70
1818636,71
182809,71
1915615,69
1942927,71
1965323,69
1971204,65
2023808,68
2025633,66
223305,70
28721,65
325607,65
360857,70
374448,70
392782,65
400344,67
406760,66
445984,65
482636,69
48336,71
52834,70
587445,68
60140,68
65486,71
657292,67
662594,65
679139,66
681230,65
759792,67
782299,67
79140,71
800724,68
860506,70
869366,67
908943,68
912572,71
985063,69
990711,69
43927,72
102379,73
1689151,73
1775717,73
363928,73
784655,73
1014080,74
1105834,74
1267345,74
423379,75
42749,74
1635849,76
1966901,76
41825,77
79718,77
1431587,78
1437168,78
1820604,78
1934406,78
819140,78
1333792,79
230721,79
243754,80
258343,80
539714,79
610790,79
1113108,81
1142377,81
1154170,81
200414,81
280620,81
441755,82
1223634,83
316335,83
489103,83
1494544,84
999107,85
1805054,86
191805,86
450820,86
1454086,87
332278,88
661547,88
66604,88
1067745,89
1424787,89
1580741,90
2054539,89
1303823,91
1847604,91
19103,91
593363,91
1039362,92
1319731,93
1563653,93
1710420,93
1912164,93
289181,93
1085806,94
1453012,94
705880,94
881043,95
1997596,96
69348,97
1298260,98
1613471,98
343681,98
1205101,99
1732916,99
1855131,99
2015125,99
2046363,99
837947,100
845407,100
1093657,101
671931,101
680994,101
708734,101
854332,101
102175,102
1109124,103
1255054,102
771390,102
1825529,104
1840629,105
2041025,106
253203,104
297055,105
497997,104
556558,105
731008,106
1463759,107
1675066,108
1184040,109
1689493,109
540855,109
974401,109
2048166,110
1045857,111
1195998,111
1836644,112
1851936,113
41879,114
436850,113
1016199,115
1042406,115
1229231,115
823301,115
788576,116
412275,117
90429,117
1836250,118
866490,118
1088488,119
1098136,120
1116730,121
1666067,122
1779939,123
1868658,123
1974000,121
436515,123
1115434,124
1141551,124
1679652,124
2061796,124
423283,124
1440071,125
688978,125
721606,125
1618736,126
1726963,126
1868763,127
33412,126
404537,126
428152,127
73576,126
863249,127
1200858,128
1010658,129
1071486,130
1778519,130
611642,130
958832,130
1474029,131
1515295,132
1700956,132
1089191,133
1119629,134
164466,133
2071714,133
425378,133
686397,134
1133232,135
1793350,135
228641,135
363668,135
680789,135
1026614,136
1488954,136
1638453,136
598015,136
1235058,137
487752,138
880619,137
1186103,139
1348369,140
1786577,140
265397,140
1372894,141
1080082,142
1196676,142
1458671,142
2015331,142
358901,142
524922,142
844639,142
1320651,143
1354188,144
593157,144
440242,145
1887360,146
346005,147
382668,148
672903,146
1136531,149
136218,149
1517885,149
162421,149
410172,149
126739,150
1381346,150
245129,151
496679,151
640904,151
122203,152
1676592,152
177323,152
2032482,152
1412224,153
1544708,154
618369,154
67063,155
1701594,156
2017666,156
1207597,157
1250383,157
1516725,157
1577179,157
160436,158
1786531,157
1542097,159
1696675,159
456708,159
1309765,160
1436513,160
1525009,160
752768,160
1456293,161
1179694,162
1188052,163
1501168,163
1595964,163
312212,162
323425,162
377652,163
611748,162
2010544,164
701314,165
981100,165
2025152,166
488434,166
1618639,167
1714626,168
1933032,168
2019254,169
1280724,170
1336153,170
1367385,170
1571710,170
640518,171
757916,172
1156732,173
1257219,174
1431907,175
1446327,175
1911656,173
1946340,173
246751,173
338161,173
565854,176
587358,176
1663312,177
684948,177
1161194,178
1315762,178
527768,178
1306211,179
1862404,180
1931837,180
2086443,180
526065,180
688993,180
169591,181
1856735,181
1960341,181
403520,181
1456249,182
1992013,182
242631,182
345353,182
858135,182
1291721,183
1356646,184
1447202,185
1586794,184
1613963,184
1748876,183
885725,183
306582,186
678435,186
707404,186
100068,187
1053269,187
475855,187
684101,187
1089957,188
610043,189
827020,189
969451,189
1241012,190
1361307,191
142466,190
1706270,191
777486,192
1611198,193
1670069,194
2091593,193
50181,194
587043,194
638913,194
67142,194
909165,193
1532681,195
580188,195
611145,195
617956,196
1736714,197
1741074,197
1192940,198
2048749,198
461226,199
538137,198
594501,199
784969,199
898597,198
1120728,200
1190174,200
1371050,200
2035573,200
531900,200
1167284,201
990811,202
1188959,203
1523762,204
488621,204
1450164,205
473898,205
71940,205
1447229,206
1882507,206
2071991,206
477481,206
388680,207
106322,208
1796183,208
543205,208
621318,208
675542,208
1700399,209
369571,210
495864,209
1361849,211
1605651,211
695430,211
132087,212
1136315,213
125263,213
129827,213
1482174,213
232309,213
66208,213
1965255,214
1131984,215
1318220,216
841552,217
1133817,218
328315,218
984430,218
1983777,219
2035400,220
873560,221
1089795,222
1916515,222
399441,223
709950,223
732959,223
830650,223
97613,223
998537,222
1897723,224
1143027,225
1571662,225
1038396,226
1195660,226
1916216,227
1075494,228
1178625,229
119477,228
146240,228
1495587,230
1633558,230
1707585,228
1744503,230
1848529,228
1996962,230
2094648,228
327024,231
376187,230
411180,232
618704,228
682679,233
821837,230
839308,230
968967,234
1595318,235
233486,236
725044,236
973520,236
1000618,237
1155219,237
1464746,237
1634680,238
1739657,238
1980,237
683188,237
716093,238
745214,238
1844006,239
1111880,240
1620429,241
1734426,241
1990829,240
2019730,241
326406,240
403407,240
1156573,242
808776,242
1098079,243
1701178,243
708024,243
732769,243
1237532,244
1419353,244
1824852,244
1036585,245
1198429,245
1294347,245
1368148,245
1629151,245
1132076,246
1807119,247
2065046,248
774775,246
1642577,249
1814971,249
299151,249
1120951,250
1608156,250
1642096,251
1658699,252
1845176,250
834954,253
849388,253
962936,253
478052,254
57612,255
1121686,256
1452666,257
1584543,256
316759,258
345473,258
650299,256
776776,257
829928,256
871859,256
1039213,259
1155530,259
991847,259
1729147,260
1749640,260
1700924,261
1279196,262
1288890,263
1385263,262
1419745,263
1635124,263
1646340,262
1892771,262
290906,263
296930,263
484032,262
1693514,264
1536714,265
203184,266
2090691,266
1005513,267
1916658,267
2044130,267
954790,267
1288670,268
777421,269
1055496,270
1188585,270
1330222,270
1443061,270
501107,270
1566163,271
1835160,271
1743490,272
77556,272
1151635,273
1526981,273
1728854,274
1896760,274
20345,273
545151,273
1112410,275
398396,276
675561,276
1779722,277
187130,278
205315,278
669571,278
737536,278
1309692,279
2066984,279
688770,279
702381,279
1425069,280
2083480,280
299987,280
1186227,281
1421737,281
320089,281
837989,282
1089132,283
539017,284
1670140,285
378097,285
445000,285
570066,285
780918,285
1247014,286
1376649,287
359236,287
490230,287
1346077,288
273501,288
862889,289
1496312,290
1918785,291
1980990,292
664771,291
1038735,293
2037056,293
624494,293
1570579,294
356121,295
118688,296
302440,297
896600,297
1552550,298
1838599,299
1964353,300
394482,299
400052,300
580975,298
980571,298
122656,301
1505054,301
158275,302
1660730,303
1718771,302
1809394,303
328117,303
461584,301
520054,303
639721,302
848800,304
1010436,305
1169971,305
323275,305
877935,305
249267,306
288988,307
1221593,308
1509877,308
1034332,309
1543463,310
162188,310
242395,310
37425,310
438450,309
1191631,311
2093917,311
210170,311
533093,311
1657677,312
1754996,312
535703,313
1638974,314
1696511,314
610835,314
775457,314
528530,315
1005862,316
1010817,317
983590,318
1567725,319
1639148,320
1822890,320
665529,321
1158599,322
1809285,323
1908375,323
253140,322
45840,323
702236,322
811356,323
1028235,324
1091834,325
1204799,326
1320137,324
1484161,326
2037467,326
288226,327
375297,328
512191,325
618380,326
715995,325
967137,328
1058673,329
1068896,330
1426390,331
1777410,331
8385,330
1107067,332
1216196,332
124052,332
345363,333
653824,333
1653760,334
37720,334
507257,334
877947,334
1912715,335
459928,335
57086,335
1070569,336
1147181,336
1482124,337
296834,337
436970,337
721817,336
7478,336
171760,338
93776,338
968310,338
527693,339
736972,340
135036,341
1612121,341
1638105,341
526530,341
1646130,342
1755111,342
57806,343
793673,343
1365563,344
174785,344
186726,345
1950381,344
1975742,344
232689,345
773058,345
1487615,346
1806891,347
1995537,348
261886,347
350170,348
994330,348
284296,349
1001032,350
1252903,350
167470,350
2046978,350
452524,350
1180447,351
1562101,352
1609038,352
2084435,351
2093322,352
237746,353
614253,351
779318,351
806419,352
838747,352
971859,351
1078759,354
1240560,354
1445101,354
1861415,355
457576,355
509717,356
897528,355
123312,357
1508367,357
847425,357
1135949,358
1961646,358
72202,359
98842,358
1381070,360
1450473,361
1611783,360
711301,362
790422,361
1050693,363
1709971,364
1842801,363
2096121,364
1115813,365
1521686,365
554479,365
658223,365
939927,365
1022480,366
1636747,366
1893633,366
243053,366
855607,366
1133806,367
264185,367
470906,367
598893,367
1323853,368
73231,369
1217871,370
1379300,370
1434450,370
40570,370
1500095,371
1747401,371
1903806,372
532358,371
1319927,373
1604228,373
1666359,373
279070,373
1072283,374
1749728,374
795630,374
872658,374
1060589,375
1364982,375
1523396,375
571405,375
1406344,376
1494785,376
2013098,376
322191,376
697697,376
264353,377
1621849,378
1157259,379
1987401,379
606180,379
753593,379
1082022,380
1664740,381
1732032,380
2021036,382
2092963,383
224538,382
239721,382
266345,380
412000,383
637270,383
7639,380
937009,381
941235,384
1109827,385
141708,386
1721884,386
1680704,387
268143,387
1880304,388
145262,389
182878,389
195888,389
696925,389
1865549,390
590658,390
645418,390
666974,391
938274,391
1567838,392
238580,392
365191,393
1210500,394
1898006,394
1976906,394
2095284,394
998575,394
1647214,395
1835505,396
229683,395
288909,396
345382,396
1091602,397
716840,397
1574616,398
2015695,398
216900,398
2007242,399
797787,399
1031110,400
1238247,400
133836,400
1923558,400
1760129,401
1690345,402
672552,403
1027860,404
220095,404
1666800,405
705530,405
920654,405
954277,405
2055243,406
449513,406
986538,406
1865358,407
2092979,407
272539,407
1510351,408
802388,408
165316,409
173732,409
216531,409
441038,409
1243186,410
1380475,410
227163,410
937230,411
1096690,412
1235149,412
18521,412
1604621,413
378099,413
737117,413
764045,413
1451935,414
1481697,414
382206,414
740577,414
1278084,415
277532,416
286985,416
389537,417
398504,418
510196,416
658367,415
668662,418
947820,415
1439610,419
1885771,419
1345480,420
1373881,421
492741,421
563791,421
1128427,422
476784,422
952202,422
1032434,423
1700188,424
1801196,423
320613,424
990801,423
1889675,425
259986,425
1831051,426
1352988,427
1770129,427
1023244,428
1031147,428
1101361,429
110200,428
1151513,430
1155913,431
1160780,432
1201132,430
1227319,430
1302010,433
1314947,434
1350010,429
1364861,434
138952,431
1409556,431
1544975,428
1559001,435
1580679,435
1595904,432
1651502,432
1687333,434
1711266,428
1770588,434
17740,431
1777690,433
1809420,436
1815320,434
183618,430
185956,428
1882328,435
1900699,434
1910940,432
1919486,429
1937540,435
195725,435
1986321,429
2008857,429
201239,430
2013533,428
2026293,432
2028377,435
2043819,433
307995,429
311902,434
31755,435
332032,433
362643,429
371008,432
374500,429
394715,431
412874,435
436644,432
442091,429
446257,431
457124,428
505361,430
535955,432
547838,431
634880,435
713288,430
729136,428
81090,435
824420,428
832516,431
874520,429
899459,430
905838,434
341110,437
514645,437
564829,437
1179621,438
1345537,438
1485035,438
527615,438
586980,438
1211295,439
1310747,439
1559505,439
1713322,439
55678,439
878281,439
1227542,440
1433135,440
289320,440
1451127,441
1477256,441
1611141,441
1645255,442
1924147,442
1959437,441
233174,442
91182,441
1636112,443
2074098,444
912864,443
1614351,445
1663043,445
1132385,446
1329392,447
1331513,446
1529701,447
1604883,446
1696314,447
1728252,447
549264,447
1438922,448
1536811,448
1972819,448
754688,448
1409020,449
1751308,449
255455,449
73365,449
1008801,450
1938501,451
445484,451
801502,451
827053,451
1024520,452
1089690,452
123332,453
180277,453
1936551,453
919985,453
1629621,454
1914254,455
1208962,456
165790,456
214139,457
835362,456
835740,456
1448132,458
1716862,458
1920078,458
550165,458
84178,458
1803146,459
2031799,459
2095583,460
1187902,461
1434808,462
1487166,463
1523933,461
1629590,461
247384,461
28804,462
660201,462
1004332,464
1475017,464
1606831,464
1368028,465
246035,465
758460,465
962457,465
1803705,466
391338,467
76731,467
2033656,468
514226,468
1105427,469
1112414,470
115843,469
1223353,469
1360921,471
1836265,471
350693,471
497376,469
1109022,472
1180904,472
1251137,472
1272013,472
178111,472
1033825,473
1075885,474
1091843,475
1115437,476
1119806,477
1179385,474
1190131,474
1307549,476
131905,477
1333235,475
1342699,477
1346982,475
1406300,478
1415191,479
1433466,475
1441614,480
1464565,480
1470665,473
1588308,477
1676380,481
1692922,474
1738746,480
1741732,476
1747940,473
1799299,474
1800541,481
1810596,479
1810761,473
1869353,478
1870006,477
1913015,478
1935961,478
1955415,478
1985523,479
2001998,477
2017255,480
2025345,476
2066397,481
2091938,477
315683,473
40062,481
429404,479
451650,476
453302,477
456790,481
464904,481
474742,474
495118,474
554286,480
707450,476
713536,480
780944,479
786928,476
792368,479
828737,478
834234,481
858748,473
89187,480
921765,475
935851,473
944383,475
982692,479
1096420,482
284710,483
632432,483
1174266,484
1517749,485
1541626,485
1890620,486
2039599,484
261018,485
264321,484
377275,486
550075,485
1661506,487
1673411,487
1675069,487
1751670,488
1758901,489
1836866,488
212191,489
353069,488
562597,490
664389,491
931476,488
963448,488
194806,492
2045911,492
1414463,493
1427761,493
1520148,493
749425,493
794235,493
1210755,494
410149,494
697057,495
353418,496
1214078,497
524002,497
1014468,498
1015080,499
1058071,498
1060039,500
106485,501
1073933,502
112324,498
1162133,503
1190780,498
1208888,504
1230569,504
1250950,499
1320125,502
1321639,503
1324594,500
1340914,499
1368412,499
1383898,498
1406931,504
1416972,498
1469505,501
1538199,498
1541032,499
1566008,500
1576221,503
1629849,499
1664230,502
1707741,503
1769075,502
1801467,503
1808298,498
1844535,503
187483,498
1938374,504
1940331,500
2068254,501
2093864,502
2095479,504
216024,502
220105,501
266303,500
273315,498
353958,502
386846,503
420626,504
424710,502
449362,499
482603,501
512272,501
525272,504
566357,500
613565,500
677275,504
710019,504
717179,501
7228,503
798994,502
821526,499
862836,504
911823,502
937459,500
94140,502
460630,505
141597,506
148588,507
444820,507
1263770,508
166095,508
528516,508
682443,508
365617,509
1155253,510
1582969,511
1622007,511
1634050,511
1180454,512
1474703,512
1581335,512
2063948,512
1012684,513
1709860,513
371807,513
957836,513
1016895,514
1103365,514
1197255,514
1789672,515
297434,515
564293,514
967732,516
1348185,517
1675439,518
1792157,517
1945633,518
494142,517
617404,517
1924339,519
1586218,520
1647231,520
601132,520
613045,520
1513120,521
1760383,522
606198,521
686158,523
1295204,524
168485,525
1991023,524
921389,524
1315730,526
1381263,526
1254772,527
1271634,528
1446839,527
1617768,527
1731611,529
191505,528
2089746,529
272673,527
293426,527
723424,529
930115,529
1012604,530
469296,530
596000,531
727632,532
828414,531
832467,532
162328,533
256389,533
1145508,534
1471218,535
161556,534
372169,534
1945140,536
196239,537
213290,537
919935,537
973062,537
1951444,538
1134897,539
1381084,540
833743,539
1189975,541
1360829,541
1366396,541
1524051,541
1718690,542
27774,542
443711,542
518085,541
595748,542
1283631,543
1554087,543
1645785,544
1791085,544
239172,544
538711,545
660551,543
969256,546
1152153,547
1180391,547
1483318,547
1931664,547
892547,547
715722,548
1357495,549
1624317,549
1631809,549
1244645,550
1306175,550
1963421,550
331659,550
588165,550
1743755,551
183116,552
232640,552
390019,552
537511,551
59930,552
1158750,553
2014398,554
2018504,555
230971,555
416171,553
911069,553
1649682,556
184573,556
197158,556
1385557,557
1509635,558
1711423,557
686826,557
1021800,559
998192,560
168448,561
224982,561
914933,561
1117142,562
1912242,562
488903,562
755670,562
1010782,563
344558,564
484953,563
499838,564
859841,563
1171139,565
1341804,566
2019077,566
56467,566
770252,566
840358,567
974159,566
1370614,568
148982,568
1574554,568
300760,568
1487384,569
371935,569
610092,569
850606,570
945461,570
1262172,571
1347358,572
1501569,571
155891,571
1799511,571
2082005,572
278534,571
1136938,573
1197642,573
1460724,573
1865826,573
1144531,574
1182162,574
1266325,574
1456070,575
1758663,576
2015715,575
42803,576
504194,574
576639,575
782954,575
1279087,577
1325405,578
1494148,578
268856,578
367517,578
1638675,579
1719235,579
1944523,579
52083,579
868390,580
1268693,581
1336061,581
1594224,581
614566,582
1046909,583
1394108,584
1430595,585
1445696,585
1632828,583
1860323,586
2052498,587
211109,585
23379,587
287536,586
358807,586
395912,587
537923,586
590484,585
987495,588
1239366,589
1462794,589
160563,589
529662,589
1263214,590
1503440,590
158293,591
624187,590
154922,592
1936075,592
482976,592
1332633,593
1648556,593
1759237,593
1000959,594
1327109,595
1427241,596
1862216,595
1946853,595
1950711,594
2035982,596
465043,594
617974,595
619341,596
197786,597
1200605,598
1217381,599
1218647,598
1647955,600
493408,600
119370,601
1554434,601
639730,601
1103314,602
1474780,603
1505958,603
282044,602
282427,603
991560,603
995292,604
1521578,605
1995311,606
259174,605
808815,606
927542,605
133312,607
1063521,608
1468284,608
1488035,608
219567,609
646337,609
1014878,610
1793044,610
18647,610
1914290,610
705064,611
1199497,612
1678825,613
197327,612
1696430,614
1342183,615
1699262,616
439328,617
917279,615
1991946,618
2073377,618
327204,618
859038,619
1154245,620
1556578,620
1648195,621
1984229,621
1376303,622
1376755,622
168863,622
339638,622
1225068,623
1297177,623
1476708,624
1621157,624
725749,624
905327,623
1530719,625
40624,626
1337011,627
1359205,628
1394394,629
1522107,630
167417,631
1860348,627
2014925,628
2081231,630
22405,628
338530,630
580461,630
650127,627
1156879,632
1953871,633
878162,632
921842,632
1390240,634
1617284,635
1794634,636
1946929,634
2066168,634
1086053,637
232274,638
1350934,639
1773684,640
302469,639
919766,639
1057358,641
214343,641
440769,641
915555,641
1562922,642
547435,642
1031660,643
1243677,644
1663413,644
1757507,644
1368712,645
589093,645
1092780,646
1200408,647
1713825,647
1853972,646
1983765,648
630304,647
931560,646
1965716,649
968110,650
1730554,651
2050707,652
35076,653
896394,654
1019429,655
1351151,656
1420357,656
1469620,656
1540221,656
1980523,655
2077805,655
1331654,657
1421418,657
180661,657
1973863,657
105510,658
1136963,659
1754909,658
175741,659
646993,659
895448,658
1173915,660
1583686,660
163738,660
2060504,660
266580,660
551928,660
33888,661
689624,661
708696,662
1498108,663
1502246,663
1714217,663
177052,664
2085568,664
875263,664
1379586,665
423861,665
1461327,666
150070,667
1750125,666
1753286,666
1783900,667
2001739,666
1848525,668
439435,669
798967,670
1063052,671
600806,671
549068,672
1155666,673
1528551,673
1612730,673
299728,673
504575,673
798854,673
822775,674
1725950,675
663299,675
827113,675
43800,676
1461817,677
629314,677
894820,677
1237523,678
2048712,678
1232039,679
1475813,679
17074,679
1754715,680
489641,680
724350,680
812894,679
108103,681
1130268,681
1465213,681
421508,681
853917,681
1102428,682
1104900,683
1159254,682
1324777,683
1453554,684
1454634,684
1646069,684
1679104,685
1741587,685
1759251,683
1807223,685
1849867,684
1916502,683
1959018,686
2065050,685
346215,684
383055,683
602296,682
618887,685
644080,685
706796,687
748719,682
765962,684
768020,685
801953,682
975742,682
97824,682
984793,683
1698476,688
193521,688
2045865,688
2048511,689
299349,689
30856,689
999462,689
1243456,690
1318453,691
1435666,692
1890020,690
1900354,690
611409,693
668834,691
1109234,694
2091632,694
940564,694
987998,694
1550620,695
1594973,696
1916015,697
1952157,696
1202957,698
1221844,699
1406469,698
1475524,700
1485127,699
1511484,699
1743218,700
1994315,698
352434,701
1508277,702
287114,702
891094,702
1003815,703
1009183,704
1029098,704
1046898,705
1056227,703
1071824,706
1110694,707
120615,708
1213942,704
1247737,709
133085,708
1415184,705
1446911,704
1461502,707
1488263,703
1588833,706
1642591,706
1664957,704
168011,706
1709959,708
1723050,703
1724732,704
1796799,705
1810521,706
1813438,705
1858014,709
1873126,706
187639,707
1916317,709
1977815,708
2022453,709
212247,703
236342,707
242845,707
382158,705
392025,708
450381,705
467272,709
497149,707
549850,706
551840,707
554059,708
56079,709
562000,705
579564,704
628661,706
664979,707
711205,707
789396,709
809759,704
848722,703
870731,704
896787,705
909448,704
93934,703
962347,705
963924,706
964113,708
995009,704
285718,710
978753,711
1025037,712
1040124,712
1061215,713
1350922,713
1669471,712
2042862,713
297504,714
440437,712
685539,713
240895,715
404781,715
938574,716
102362,717
1185688,717
126216,718
1712829,718
1755554,719
1966966,719
1989874,717
443367,719
773784,718
886431,719
989438,720
1565633,721
218064,721
366903,721
471766,721
937477,721
953272,722
1287441,723
1426523,724
1469947,724
47758,724
481495,724
1043605,725
1115098,725
164531,726
1863422,725
1908834,727
1983657,727
2032890,725
544893,727
8931,727
1544061,728
1640420,728
2047772,728
294394,728
861721,728
111510,729
1324908,729
1333052,729
1426125,729
1536610,729
330141,730
69324,731
1659909,732
1719387,732
69845,732
1806328,733
886397,733
969955,733
1324667,734
1346459,735
1767592,736
1942911,734
473365,734
971802,736
986259,736
1443105,737
1868780,737
531594,737
993422,737
125285,738
1357916,738
152250,738
1794014,738
808070,738
499275,739
861665,739
917809,739
2027256,740
45157,741
1229505,742
813641,742
1887849,743
1162853,744
1549032,744
1565051,744
958301,744
1860467,745
246969,746
646143,746
734180,746
898576,747
1116330,748
1350988,748
1416580,748
1683573,748
2049023,748
575073,749
973634,748
110626,750
137057,750
119750,751
1684262,751
326438,751
444008,751
1867239,752
778821,752
851838,752
1152737,753
1733831,753
827231,753
927850,753
1010543,754
1571131,755
62346,755
629930,755
1011112,756
1668783,757
587055,758
2050303,759
741636,760
1346096,761
231643,762
863916,762
1461139,763
1596880,764
1811027,764
533215,764
610091,764
1199300,765
175424,765
252403,766
966620,766
1217112,767
2090883,767
328657,767
47327,767
871333,767
873143,767
1355576,768
1411540,768
1593503,768
549101,768
1939208,769
2064706,770
500985,770
788910,771
1173853,772
1475762,772
2018366,773
2031466,772
292773,773
817013,772
883537,772
1032401,774
1067283,775
1895812,774
2048594,775
30878,774
422069,775
765225,774
1058549,776
105876,777
1159233,777
211622,777
434962,778
485704,777
745640,779
1111309,780
1128912,780
806422,780
1551209,781
1641373,781
1984818,782
307084,781
938700,781
458247,783
584178,783
711106,784
975788,784
1337430,785
1981451,785
2004343,785
635721,785
974810,785
1048798,786
1649471,787
248178,786
643918,786
712357,787
918404,786
1489657,788
1637467,788
1470507,789
1246652,790
479734,791
681615,790
731538,790
760351,790
799236,790
398618,792
916734,793
1007980,794
1118070,794
1233136,794
784784,794
1388022,795
199078,795
887962,795
539617,796
698208,797
1280718,798
1339043,798
1349798,798
355366,798
1574967,799
1737013,799
1776210,800
1812068,799
450819,799
1182950,801
1356855,801
650501,801
1049333,802
1480300,802
2008596,802
2055540,803
994583,803
1316272,804
1606016,805
1844303,805
2018880,804
460384,805
619449,804
802705,804
876503,805
920179,805
1837235,806
798323,806
95450,806
1279908,807
823949,807
1181497,808
1190398,808
1598831,808
1163644,809
1031649,810
1221432,810
1873306,810
240423,810
1061985,811
1585470,811
427720,811
897814,811
935358,811
1784999,812
462283,813
769435,812
798559,813
823816,813
1772261,814
2052720,815
234845,815
1277112,816
1282103,816
1675566,816
2006664,816
885164,816
1134821,817
1559270,817
1603218,817
1903939,817
112107,818
1327593,818
1846307,819
1995197,819
798193,818
918008,818
972152,818
1016253,820
1060632,821
1063010,822
1085001,823
1086745,824
108717,820
1134800,823
1140475,820
1149603,822
1194531,825
1203411,823
1212050,826
1216173,822
1262651,823
1320649,823
1322595,820
1376114,825
1436500,825
1467015,821
1578380,821
1614499,825
1626029,822
1674637,822
1685710,821
1688270,822
1702690,822
170570,820
1732710,821
1784252,825
1811688,820
1964024,823
2051717,824
2056876,820
2078374,825
21979,825
241608,825
246027,821
289616,825
307107,825
378695,821
456254,821
552487,820
60156,822
617592,821
651100,822
69245,821
831739,823
854868,823
86940,820
931011,825
1174028,827
1437891,827
1979568,828
222807,828
229149,828
751494,828
368255,829
1697381,830
182577,830
1931070,831
596466,830
662174,832
1014226,833
1014777,834
1143818,834
1325076,833
1612560,833
484938,834
1101852,835
1175846,835
1284282,836
1355632,836
1946214,836
1957228,837
2072858,836
2086317,836
573715,837
72585,837
1356147,838
1687565,838
215251,838
718222,838
1615253,839
421589,839
1382909,840
1511073,840
1656654,840
1493773,841
36878,841
585556,841
1025781,842
437077,843
949503,844
1115391,845
761803,845
1716042,846
1897254,846
1942851,846
403947,847
710382,847
808515,846
1727226,848
611725,848
747926,848
77341,848
810181,848
1196426,849
226280,850
25792,849
444898,850
744541,850
757419,850
1009817,851
1632922,852
836758,851
1276675,853
1477221,854
366288,855
520109,856
1994529,857
2083613,858
1503338,859
1972410,859
267157,859
904226,859
908157,859
1162449,860
1174961,860
1192975,861
1226361,861
989343,861
105229,862
1180630,862
1212680,862
1281941,863
1386541,862
1831687,864
732739,865
1357765,866
1703550,867
1862520,867
2060350,866
29928,867
325522,866
809068,866
1108973,868
1300998,869
1452883,868
1622630,869
1951,869
202494,869
1219337,870
1473153,870
1613589,870
1702523,870
1758483,870
1130956,871
1338988,871
2013638,871
1145018,872
1345148,873
1782654,873
1330734,874
1705011,874
204057,874
73245,874
73415,874
1437652,875
1669061,875
1730482,876
1850297,875
1863869,877
647751,876
757980,875
859113,876
525828,878
782664,878
1033530,879
1190151,879
1752775,879
530390,879
1116130,880
1349406,880
1448185,880
1713926,880
1782283,880
2369,881
785378,881
833413,881
1032807,882
1159821,882
1412390,883
1512355,883
1884134,883
2040751,883
27471,883
576974,883
597853,882
811616,884
923070,882
1861179,885
202450,885
478134,885
771829,885
675710,886
1652559,887
2008818,887
727327,887
1552433,888
1586846,888
1623204,889
2073155,889
637839,890
82626,888
151768,891
1580101,891
291093,891
1126403,892
1140606,892
749044,892
1079812,893
735230,893
1164505,894
1910253,895
841993,895
1308960,896
1367476,896
2046019,896
269197,896
442925,896
1001995,897
1207712,897
317768,897
987300,898
1180438,899
2061189,899
430595,900
510394,901
694491,901
1143242,902
1711010,903
795160,903
805788,903
1483661,904
1538874,904
504412,904
981849,904
999412,904
1077662,905
1393038,905
1754769,905
297731,906
460046,906
976794,906
156213,907
1908869,907
351756,907
599606,908
692637,908
810843,908
1486520,909
1495702,910
1608826,911
2058029,910
575123,910
9924,909
1097214,912
316194,912
780190,912
85826,912
1138323,913
1146756,913
116861,913
1346716,913
556071,914
1264207,915
1571576,915
748070,915
949321,915
1025627,916
1050809,917
105834,918
1099060,919
1175402,917
1188663,916
1204869,920
1208846,917
1225597,919
12470,918
1268119,919
1282445,921
1287583,916
1312391,916
1338832,918
1353161,921
1421396,918
149493,917
1552355,920
1566396,917
1568224,918
1568439,921
1615218,920
1643102,916
1647208,917
1659439,920
1671438,919
1718759,916
1724426,920
1750809,919
1780934,921
1799047,917
1878897,916
1900049,920
1950033,917
1985807,916
199976,918
2013854,920
2053111,919
2088259,916
216468,920
417142,921
450460,921
495857,921
549795,920
577512,919
583927,918
748943,917
827497,918
828045,920
87647,920
883742,918
910112,916
987837,917
1052726,922
1075446,922
1407159,923
1600283,922
1606361,923
2068577,922
613223,923
649981,922
1186566,924
210810,924
550901,924
615289,924
902301,924
1518969,925
1633457,926
656653,926
749964,926
794083,926
1829621,927
305083,927
680685,927
870379,927
1321277,928
1378508,928
1526716,929
1587254,929
1811383,930
314102,929
731228,929
77892,931
904030,929
972709,932
6393,933
1183890,934
1536992,935
1842761,935
1889529,935
220284,935
485638,935
1648997,936
400873,936
916428,936
1067453,937
1524401,937
2054121,938
981786,938
1349299,939
1439547,940
2041105,940
316746,941
588235,941
83019,940
1167555,942
1210589,942
1301074,942
1775,942
485596,942
558950,943
1458576,944
1643608,945
1877839,945
1613678,946
2055411,947
874447,948
1186622,949
134515,950
69530,951
934929,952
823565,953
85540,953
71472,954
1362332,955
1059914,956
1227009,956
1318711,957
570744,957
662758,957
860772,956
1458789,958
565653,959
1696241,960
903769,961
1340958,962
1885029,962
2010501,963
217719,963
369256,962
383013,963
767055,962
1923055,964
1026104,965
192894,966
1933914,965
1961065,967
196334,967
2046292,966
2060713,966
385423,966
403725,965
408169,966
1335508,968
174727,969
139881,970
168789,971
1523968,972
1527338,973
1544072,973
1733189,973
1075202,974
186358,974
340936,974
590966,974
1715563,975
1710455,976
864018,976
1473832,977
1660313,977
1670498,978
1811346,977
879932,978
1318265,979
1425356,979
386182,979
904529,979
702567,980
251134,981
1008020,982
43805,982
939665,983
2042186,984
1223248,985
345237,985
1177549,986
120607,987
134576,988
1875935,986
383458,989
579220,986
673451,986
910527,986
161417,990
1980952,990
320947,990
984014,990
145911,991
1745381,991
2067135,991
1052882,992
1236539,992
1492978,992
158681,992
746597,992
1068813,993
144872,993
148486,994
317835,994
669589,994
884972,994
1332845,995
1728290,995
2006252,995
153860,996
286181,997
1920223,998
204236,998
2086405,999
246988,999
650800,999
662894,999
85398,1000
1421406,1001
1440397,1001
1484697,1001
212756,1001
237750,1001
786972,1001
1642949,1002
443149,1002
967374,1002
1059534,1003
1324241,1003
1777829,1004
1861057,1005
1872260,1003
1991681,1006
60359,1006
741665,1003
1061543,1007
1304803,1007
1482663,1007
164193,1007
272299,1007
4343,1007
608482,1007
164723,982
1295158,1008
1738212,1008
1743350,1008
1940907,1009
1952341,1008
655378,1010
1897793,1011
197146,1012
202640,1012
357306,1011
557871,1012
643417,1011
911693,1011
1337261,1013
1416498,1014
2011396,1015
452016,1014
662057,1014
1054327,1016
162808,1016
1557603,1017
1644063,1017
1812418,1017
234929,1018
288629,1018
935954,1017
1517572,1019
1521668,1020
2064523,1019
293920,1019
1025406,1021
624375,1022
831782,1022
1590893,1023
1317018,1024
1618257,1025
1862203,1024
438504,1024
596918,1024
625062,1024
1019339,1026
1120259,1026
1180332,1026
1615382,1026
1927235,1027
365108,1026
465739,1028
1001533,1029
1713869,1030
19162,1031
939891,1031
1189979,1032
138678,1032
837471,1032
1427334,1033
1578832,1034
1699360,1033
101592,1035
1332445,1036
1776141,1037
1815116,1036
65293,1036
15712,1038
1507734,1039
1723831,1039
358241,1039
401822,1039
1046448,1040
162882,1040
1827233,1040
458024,1040
1048966,1041
1156938,1042
1197,1042
1230925,1042
1270542,1043
1313620,1042
1374645,1044
1416805,1045
1428078,1043
1431376,1046
1455231,1047
1490462,1046
1532810,1046
1533281,1048
1576656,1045
1715394,1043
1744789,1045
1758474,1042
1766662,1046
178059,1043
1814691,1048
182729,1043
1880893,1045
1896855,1043
1913329,1046
1981192,1042
2082743,1045
2085735,1048
2096093,1045
377926,1048
429515,1049
432089,1046
51389,1048
516710,1048
524698,1050
531824,1043
533798,1043
67762,1042
688908,1048
739490,1045
777056,1046
912353,1046
1376266,1051
195083,1051
487862,1051
523378,1052
1007934,1053
1675130,1054
809175,1053
864342,1054
1740708,1055
1987765,1055
84322,1055
1211687,1056
1313613,1057
1495961,1058
1629394,1057
191178,1056
766385,1056
890825,1056
944133,1057
1601276,1059
40051,1060
571263,1060
579967,1060
1180958,1061
189505,1062
2039166,1063
26349,1062
744780,1062
1775944,1064
2027278,1064
253178,1064
919293,1064
1992556,1065
1771970,1066
836726,1066
1084813,1067
1863696,1067
712463,1067
1314317,1068
1876532,1068
2012087,1068
369375,1068
1122923,1069
119648,1069
1620491,1069
1761577,1070
1762290,1070
1895464,1069
1969891,1070
204640,1071
913511,1072
1492555,1073
1607917,1074
1947176,1075
96972,1073
1190482,1076
36922,1076
383415,1076
886959,1076
1042390,1077
1205744,1077
213448,1078
241193,1077
31994,1079
879855,1077
117888,1080
1191447,1080
1610139,1080
618091,1080
1309084,1081
1321057,1081
1762242,1082
1885886,1083
1247388,1084
1524807,1084
197411,1084
680993,1084
1098471,1085
1261887,1086
1453878,1086
1914861,1085
25544,1085
647120,1085
926581,1086
1401128,1087
1776983,1088
2028347,1087
383251,1087
1500010,1089
1546991,1089
545891,1089
660361,1089
1047279,1090
1548473,1091
594316,1092
993663,1092
1601273,1093
1381867,1094
1844973,1094
1906459,1095
2025920,1094
2059098,1094
358884,1094
1179337,1096
1696476,1096
1820141,1096
918004,1096
1126251,1097
1353612,1097
1509608,1097
2084486,1097
1013417,1098
127728,1098
1401585,1099
1538270,1100
1656027,1098
1692539,1099
1991125,1100
443480,1100
733383,1098
862848,1100
900405,1101
936941,1098
1092913,1102
1242053,1102
1409279,1102
1604129,1103
1722734,1103
807615,1102
493894,1104
1494252,1105
1539668,1105
1734715,1106
1956899,1105
522249,1107
732943,1107
1256908,1108
1822602,1108
1878090,1108
1965000,1108
1303995,1109
144043,1109
421858,1109
481352,1109
550269,1109
80314,1109
1285212,1110
1534817,1111
205015,1111
2084809,1110
689113,1111
721145,1111
84599,1110
977149,1110
353188,1112
987019,1112
176062,1113
620669,1113
765092,1113
1230079,1114
1080888,1115
114521,1116
1157521,1115
1363420,1115
1617541,1116
1808503,1115
1827053,1116
297330,1117
827389,1116
979804,1117
1234191,1118
885675,1118
410668,1119
420023,1119
85245,1119
903238,1119
1109328,1120
1420804,1121
406542,1120
1449032,1122
279658,1122
1631132,1123
1287017,1124
389663,1124
884969,1124
1455142,1125
1833168,1125
195058,1125
2044881,1125
1614738,1126
289513,1126
750190,1126
928842,1126
1132521,1127
1444056,1128
281931,1127
579661,1127
13354,1129
1469128,1130
947796,1131
963275,1131
560114,1132
850324,1133
1138406,1134
1065547,1135
121980,1136
943291,1136
1645095,1137
417669,1137
564436,1137
1299176,1138
1694681,1138
485035,1138
795931,1139
428884,1140
943665,1141
1346637,1142
193115,1142
2056851,1142
84976,1142
1966429,1143
246860,1143
704292,1144
841314,1143
927280,1143
1236601,1145
1357680,1146
1952264,1146
2014265,1146
462275,1146
2004848,1147
2046799,1148
928491,1148
1148377,1149
1674198,1150
1879593,1150
1926467,1149
30643,1149
978007,1149
1209474,1151
833459,1151
106065,1152
1106618,1153
1120636,1153
1194932,1153
1215811,1154
1707191,1153
1759662,1152
194738,1154
255071,1152
256075,1155
265258,1155
341718,1153
86732,1154
933342,1154
956305,1152
1430257,1156
616395,1156
864736,1156
1431688,1157
1699374,1157
1815356,1157
1943233,1158
809231,1157
1520595,1159
1966484,1159
844689,1159
2017429,1160
245572,1160
627477,1160
950729,1160
1822329,1161
197541,1161
2010970,1162
216481,1162
389456,1162
1915282,1163
592440,1163
1426264,1164
1901789,1165
1982191,1164
2026185,1165
68027,1164
7157,1165
830269,1164
961799,1164
1058571,1166
1164615,1167
1431814,1167
642580,1167
1321386,1168
213764,1168
1007911,1169
430614,1170
1182901,1171
1286459,1172
1761397,1173
1867824,1174
793595,1175
1140789,1176
1448306,1177
176423,1176
946866,1178
40715,1179
552852,1179
1915520,1180
53898,1181
1217,1182
1678836,1182
1783565,1183
625981,1182
994461,1182
818411,1184
1243914,1185
1269504,1185
1846142,1185
558196,1185
1264105,1186
1301962,1186
476385,1186
660712,1186
932002,1186
1908621,1187
37693,1187
2049819,1188
306905,1188
634799,1188
7339,1188
1148243,1189
1297787,1189
1765818,1189
619064,1189
1558676,1190
1948458,1190
458709,1191
630410,1191
912123,1191
962171,1190
893229,1192
1537168,1193
1898284,1193
521692,1193
1725378,1194
1799629,1194
2078973,1194
391301,1194
549131,1194
1104960,1195
1156557,1195
1669204,1195
591590,1195
607854,1196
810496,1196
1559770,1197
473528,1197
661855,1198
1037915,1199
229245,1199
640169,1199
1281612,1200
1616612,1201
1658667,1202
168811,1200
1740576,1200
1803396,1200
197798,1200
566362,1200
1492802,1203
1511380,1204
596077,1203
958399,1205
1000473,1206
1584564,1207
1860477,1206
258843,1206
268628,1207
521698,1207
620119,1207
1187497,1208
2075504,1208
370786,1208
634474,1208
1411899,1209
1820773,1209
290404,1209
531144,1209
77124,1209
669058,1210
1203045,1211
1385327,1211
1535333,1211
1881066,1211
1358002,1212
609983,1212
825652,1213
46326,1214
1334597,1215
1352405,1216
1559580,1215
350312,1215
595122,1215
701387,1215
1008896,1217
118552,1218
1378816,1219
152460,1217
184203,1220
1951104,1220
1977852,1217
2056401,1217
2083878,1219
252780,1218
372082,1218
431551,1219
436990,1221
562858,1217
890649,1218
170430,1222
1849090,1222
1939292,1222
365343,1222
1392907,1223
1399218,1223
1721744,1223
1725194,1223
361693,1224
896617,1223
1013087,1225
1456595,1226
714587,1226
888773,1226
943342,1226
1122643,1227
1515514,1227
1577105,1227
1803907,1228
1879373,1228
217232,1227
33775,1227
1316277,1229
1702624,1229
1819725,1229
689950,1229
139649,1230
1979842,1230
826048,1230
592404,1231
1453423,1232
1619770,1232
272624,1233
461971,1232
834854,1232
556195,1234
795389,1234
895792,1234
1076477,1235
1114109,1236
1124046,1236
1198534,1236
1203064,1237
1208350,1238
1345871,1239
1424087,1236
1534016,1236
1547860,1237
1549439,1235
1571183,1236
1592997,1239
1596719,1237
1892706,1239
1902375,1240
1934504,1240
1971852,1238
230498,1237
257896,1238
277274,1237
312564,1237
379254,1238
38622,1238
462663,1239
464830,1241
539865,1240
591820,1236
6110,1235
6534,1235
715390,1239
737575,1240
748592,1238
755822,1235
756638,1239
757845,1235
798869,1240
832662,1236
83986,1239
871111,1240
874887,1237
889064,1242
95161,1237
986349,1235
327763,1243
1204547,1244
49352,1244
559328,1244
1677351,1245
1224921,1246
1541317,1247
311016,1247
812073,1247
1070639,1248
54223,1248
1003800,1249
1224841,1249
1228776,1249
278902,1249
448928,1249
1089305,1250
11400,1250
1747039,1250
923068,1250
1244181,1251
1924604,1251
389918,1251
819126,1251
1371184,1252
1398928,1253
143153,1253
1717660,1254
1778195,1252
2020031,1254
2042299,1253
34004,1255
696249,1255
928500,1253
841348,1256
843142,1256
1308854,1257
307824,1257
67425,1257
1196253,1258
252796,1258
1078699,1259
126182,1259
1908746,1260
659085,1259
94067,1259
1349793,1261
1679237,1261
1699802,1262
612934,1263
709900,1263
1087254,1264
1150840,1265
2036360,1266
240885,1267
516163,1264
566020,1266
665541,1266
67756,1266
1237644,1268
612108,1268
120476,1269
1551364,1269
1630278,1269
1961439,1269
930161,1269
179386,1270
1138286,1271
1426952,1272
1429549,1271
1704146,1273
1727536,1273
108757,1274
1237157,1275
1401527,1274
1844105,1274
521943,1275
940341,1276
1007694,1277
1117699,1278
1199860,1279
127426,1278
1870869,1279
667963,1278
714084,1279
1577372,1280
1702103,1280
1808763,1281
330806,1281
548110,1282
716162,1282
866321,1282
1882702,1283
613217,1283
718149,1283
929523,1283
1053403,1284
1590133,1285
176646,1284
1874212,1285
461118,1285
749491,1285
1132855,1286
1360141,1287
1749818,1287
1889086,1287
2030370,1288
724491,1286
844319,1287
854137,1287
326279,1289
861939,1290
1097239,1291
1404251,1291
459469,1291
386611,1292
638668,1292
1057870,1293
1144069,1293
1616415,1294
2000053,1293
642727,1294
7111,1294
198118,1295
590704,1295
1727249,1296
1737249,1296
1798740,1296
1805203,1296
41235,1296
1877305,1297
635075,1298
788489,1297
941552,1297
1636226,1299
242021,1299
407458,1299
157984,1300
1643712,1300
1948150,1301
427670,1302
877519,1302
941650,1300
959137,1302
1101277,1303
17425,1304
1781561,1304
1948129,1303
32116,1304
468827,1305
87053,1305
899941,1303
939722,1303
408469,1306
902902,1306
1531050,1307
1753644,1307
1967504,1308
218421,1308
295951,1307
752462,1307
141943,1309
1590601,1309
186808,1309
447903,1309
1297877,1310
1652892,1310
1999729,1310
504450,1311
723831,1310
1169631,1312
1760535,1312
1953744,1312
2012017,1312
837420,1312
1230425,1313
713935,1313
1059756,1314
1142347,1314
1817444,1314
1860592,1314
1906865,1315
408230,1315
557868,1316
813863,1315
1106452,1317
1547937,1317
1683668,1317
917355,1317
1099801,1318
1588685,1319
1628945,1318
281970,1319
673982,1319
748917,1318
150855,1320
1597848,1321
1697086,1322
1855670,1320
813750,1320
548950,1323
786425,1324
1637430,1325
1901150,1325
1099687,1326
992800,1326
1528847,1327
775758,1327
1392457,1328
1723510,1328
1016471,1329
1856188,1329
285462,1330
414954,1329
919861,1331
1688339,1332
524412,1332
1318949,1333
1654909,1333
215789,1334
49445,1333
1089358,1335
1099725,1335
1234081,1336
1335147,1336
1441445,1335
1584648,1336
1771411,1336
2081420,1337
1297289,1338
1403472,1338
1954510,1338
2049088,1339
435513,1339
1926243,1340
1525103,1341
1714092,1342
1931368,1342
1090272,1343
111758,1344
1529109,1343
1789670,1343
24909,1343
1628043,1345
1697365,1346
1772990,1347
1775395,1345
75987,1346
794494,1345
802229,1345
1295324,1348
1351556,1349
1909761,1348
2037429,1350
2076153,1348
240120,1350
41289,1351
483809,1350
312794,1352
1958194,1353
1016590,1354
989604,1354
1000279,1355
1123214,1356
1187909,1355
1350546,1356
1443177,1357
1502920,1358
1685011,1359
416790,1358
461004,1358
1268045,1360
1688728,1360
1798885,1361
311118,1360
1448056,1362
1470439,1363
1081552,1364
1257635,1364
1753225,1364
993678,1364
1413839,1365
1566766,1366
1820567,1367
2089891,1367
284737,1365
944823,1367
158340,1368
1809653,1369
2028313,1368
2092093,1370
230924,1371
846957,1371
439907,1372
1428027,1373
1632547,1373
849110,1373
115573,1374
1571283,1374
1896771,1375
2045080,1375
454462,1374
919488,1375
1109173,1376
1351591,1377
1776406,1377
365242,1376
446674,1378
502982,1377
782351,1379
800528,1378
855137,1378
560100,1380
1000708,1381
318567,1381
765755,1381
1984523,1382
1312877,1383
1627662,1383
1737108,1383
1118561,1384
1230650,1384
2043905,1385
457826,1384
622118,1384
892626,1385
103653,1386
769171,1387
444736,1388
1135908,1389
1152260,1390
1223778,1389
130741,1391
1390000,1389
1659144,1389
1789454,1391
278036,1390
333252,1392
386790,1391
671599,1390
1581268,1393
242698,1393
665500,1393
921815,1393
1362210,1394
1022662,1395
1216882,1395
1261583,1395
1621338,1396
1774097,1396
1946714,1397
1979770,1397
1981099,1397
385603,1396
401037,1395
669587,1397
968918,1396
1736353,1398
1830372,1399
1810537,1400
1817165,1401
645229,1401
1003120,1402
1102394,1403
1353153,1402
177221,1402
955294,1402
1065475,1404
1970792,1404
1414051,1405
1214638,1406
1720691,1406
1925756,1406
352514,1406
1103750,1407
1110499,1407
1502840,1407
1165390,1408
1698002,1409
1749349,1410
1951910,1409
839555,1408
1179533,1411
403873,1411
528510,1411
1603992,1412
1287867,1413
1459145,1414
1518313,1413
160922,1415
1711850,1414
1914141,1415
1930513,1413
1978033,1413
2016975,1415
291979,1414
526481,1414
8908,1415
1174929,1416
1055602,1417
1236516,1418
1352192,1418
1359359,1419
150923,1420
1664693,1421
1738409,1421
1971069,1421
2001786,1420
2007538,1419
345723,1417
753092,1420
858816,1420
991629,1419
1405106,1422
2058354,1422
315807,1422
499292,1422
588605,1422
1387164,1423
1752009,1423
1898843,1423
195196,1423
459184,1423
53527,1423
885299,1424
115651,1425
249151,1425
353773,1425
473656,1425
1375098,1426
494245,1427
680236,1428
843206,1426
420195,1429
1108226,1430
1115160,1431
1430203,1431
323284,1431
339342,1430
605262,1430
825934,1431
1389673,1432
1400270,1432
569764,1432
835984,1432
2027515,1433
2087596,1434
844301,1434
872624,1433
1412312,1435
1518130,1436
1555697,1435
1690441,1437
1960404,1435
2023353,1438
672011,1436
688553,1435
1232939,1439
1419214,1439
255331,1439
1011648,1440
1233506,1441
1273322,1441
1353156,1441
1725488,1442
1764383,1440
295558,1442
372482,1442
494878,1440
591107,1441
650064,1443
1584033,1444
1739440,1444
1127979,1445
1721166,1446
1732683,1446
1959166,1447
205691,1448
234830,1447
639120,1445
683323,1446
2036628,1449
315369,1450
1229444,1451
1233488,1451
1862929,1452
1994721,1452
605020,1451
1302999,1453
1479633,1454
814391,1453
1101250,1455
1140163,1456
1410591,1456
1412866,1456
172233,1456
1963126,1456
1969647,1455
2007070,1455
835106,1455
1947812,1457
1400639,1458
1629728,1459
1898809,1458
1953292,1459
270230,1460
305509,1460
502128,1460
525889,1458
582660,1460
700571,1459
976760,1458
1219287,1461
1284691,1461
1336706,1461
388355,1461
812224,1461
1431963,1462
1475791,1463
1118800,1464
160792,1464
2064613,1465
403474,1465
500084,1466
678625,1465
1849728,1467
836515,1467
984542,1468
1080514,1469
295498,1469
1725352,1470
674984,1470
1090283,1471
1220856,1471
1222505,1471
1151878,1472
135539,1472
1617283,1472
1932228,1472
1522082,1473
1807255,1473
584930,1473
1351658,1474
1421988,1475
157442,1474
1924195,1474
692491,1475
809635,1474
81525,1474
982050,1475
392180,1476
1616457,1477
1814012,1477
57581,1478
683399,1477
130342,1479
1522300,1479
1245603,1480
1883690,1480
777006,1480
1818533,1481
325925,1481
801612,1481
1823484,1482
246199,1483
518531,1482
711179,1482
78603,1482
941,1482
1140349,1484
171900,1485
563405,1485
1227589,1486
1389886,1486
495670,1486
670911,1486
766104,1486
942816,1487
100174,1488
1771245,1488
1789535,1489
17914,1490
1823549,1489
207136,1488
231065,1489
522711,1489
1655550,1491
2081799,1491
260136,1491
710529,1491
955585,1491
757027,1492
1364161,1493
25154,1493
1428997,1494
149057,1494
1584300,1495
1588767,1494
2042333,1495
274045,1496
357179,1494
394459,1495
800878,1495
872825,1494
1283037,1497
663688,1497
777974,1497
855493,1497
878306,1497
1572097,1498
563570,1498
927184,1498
956415,1498
1432988,1499
293217,1499
588743,1499
930140,1499
1923108,1500
573959,1501
101726,1502
134564,1502
1461877,1502
162240,1502
1831701,1502
906235,1503
1872990,1504
515472,1504
70408,1504
1589559,1505
1651203,1506
847368,1506
827251,1507
912623,1507
915409,1507
1217774,1508
1498466,1508
855712,1509
1696282,1510
279576,1510
304586,1510
400555,1510
1068186,1511
1328587,1511
251150,1511
375148,1511
492127,1512
579170,1512
1349555,1513
1350927,1514
1567713,1514
1713332,1513
601942,1514
659383,1513
668727,1514
1015718,1515
1884193,1516
320895,1516
323527,1516
562794,1517
7554,1515
809588,1516
1546447,1518
989326,1518
1873443,1519
1916075,1520
56611,1521
69164,1520
1148774,1522
1485875,1523
1648751,1522
2063740,1522
1770482,1524
1854039,1524
1118416,1525
1474864,1526
1491083,1525
1750208,1527
323020,1527
434699,1527
526691,1528
534574,1525
716589,1527
808533,1527
818401,1525
1075377,1529
1521122,1529
505613,1529
662203,1529
1155184,1530
1237753,1530
1666471,1530
278088,1531
67747,1531
771525,1531
1786268,1532
2093738,1532
249477,1532
505011,1532
1190244,1533
1432195,1533
1547652,1534
1106999,1535
1296043,1536
1555257,1537
205290,1537
366807,1536
42014,1538
51463,1536
651523,1538
760294,1537
775927,1539
915755,1539
551078,1540
1144742,1541
1647281,1542
1676388,1543
427006,1541
428879,1541
657862,1543
693134,1541
872585,1544
894840,1543
1164755,1545
134794,1545
204160,1545
1013169,1546
1827552,1546
352658,1546
668846,1546
1029542,1547
644244,1548
961328,1549
1761931,1550
2015189,1550
223428,1550
263101,1550
193473,1551
184252,1552
206002,1552
38945,1552
1759789,1553
681821,1553
966068,1553
1906065,1554
1769465,1555
454814,1556
864454,1555
972256,1556
340489,1557
838576,1557
1196473,1558
273602,1559
1179022,1560
1786093,1560
2022246,1560
225889,1560
785841,1560
105331,1561
1397469,1562
1897980,1563
254180,1561
328274,1564
1232924,1565
253489,1565
40235,1565
1433906,1566
599804,1567
1536364,1568
336419,1568
1322210,1569
1379553,1569
128920,1570
1367258,1571
1841960,1570
509358,1570
1821378,1572
1967283,1573
159893,1574
1008448,1575
104177,1576
1070212,1575
1202675,1577
1265839,1576
1305659,1575
1349992,1578
1367089,1577
1537249,1579
173339,1580
1813981,1576
1942120,1575
1998752,1577
2006561,1576
2037299,1575
2040759,1577
239133,1577
398292,1581
431836,1575
506678,1576
510274,1575
511389,1582
620186,1577
667855,1576
6936,1575
724670,1577
739949,1577
142392,1583
1963731,1584
356836,1584
731574,1583
773932,1583
973038,1583
1111313,1585
1116329,1586
1143856,1587
1223310,1587
1248261,1585
1267918,1587
1280922,1588
128533,1589
131876,1590
1321359,1588
1353005,1591
1357973,1590
1393253,1589
1480813,1588
1508923,1590
1537207,1587
15466,1585
1549219,1590
1660198,1585
1873375,1589
1901765,1588
1997632,1585
2051549,1588
297404,1585
302897,1592
38492,1590
440632,1589
484248,1589
48730,1589
49375,1593
580785,1587
581794,1585
733140,1590
733475,1594
74613,1588
805298,1590
821075,1590
838917,1587
1885481,1595
1175862,1596
1192765,1596
853432,1596
1046688,1597
108423,1597
1499757,1597
1619784,1597
969502,1597
1310438,1598
1248157,1599
1308740,1599
175601,1599
1883669,1599
1185012,1600
1901189,1601
2065364,1600
331284,1600
668484,1601
1877708,1602
1594937,1603
1906167,1603
875548,1604
1187185,1605
130179,1605
143610,1605
846631,1606
114958,1607
1349279,1608
1505036,1607
1631156,1607
647574,1609
947572,1608
115961,1610
936420,1610
978147,1610
270842,1611
457620,1611
557816,1611
1594971,1612
1656601,1613
928330,1614
726657,1615
192478,1616
1600678,1617
287993,1617
754784,1617
1925213,1618
242353,1619
474236,1618
1359790,1620
1758039,1620
2073230,1620
210730,1621
270463,1621
561717,1620
841821,1621
953701,1621
1336465,1622
2001961,1622
1234723,1623
1644955,1624
1684086,1624
1768584,1624
1999425,1624
625731,1623
925322,1623
631146,1625
676667,1626
221277,1627
809255,1627
1318214,1628
1996676,1629
68674,1628
984103,1628
1023869,1630
1046264,1631
1426039,1631
1995388,1631
69337,1631
1030897,1632
1599761,1632
173724,1632
1415711,1633
1063750,1634
381150,1635
1123459,1636
1207997,1636
1530273,1636
1544747,1636
1546612,1637
1618629,1637
1981848,1637
281945,1636
612370,1638
856673,1638
1135093,1639
1264945,1639
1862124,1639
1156815,1640
1640316,1640
1922244,1641
1999943,1640
273748,1642
283252,1642
365667,1642
254038,1643
1107833,1644
1540146,1644
1924109,1645
540831,1645
662929,1645
688018,1644
721425,1644
972476,1645
985195,1644
182436,1646
1865610,1647
1439905,1648
1288335,1649
1382854,1649
1736872,1649
959272,1649
1343934,1650
1515950,1650
947415,1650
182931,1651
1873529,1651
612964,1651
756531,1651
1251229,1652
1554590,1652
592271,1652
775152,1652
816099,1652
1452686,1653
1326348,1654
1699336,1654
1770586,1654
297403,1654
1594506,1655
1190250,1656
1512517,1656
116476,1657
1615490,1657
619857,1657
1056703,1658
1214082,1658
1909483,1658
2054738,1658
1039004,1659
56638,1660
1196769,1661
1251314,1661
982147,1661
1302430,1662
1378878,1662
1813712,1662
1882540,1662
2005732,1662
1366526,1663
319620,1664
584017,1664
673209,1664
1048364,1665
1060430,1666
1060904,1666
106861,1667
1080164,1668
1149594,1668
1217359,1669
1235498,1670
1296858,1669
1319857,1666
1348596,1671
1400659,1672
1421497,1667
1495912,1671
149853,1669
1520290,1668
1560498,1666
1634397,1672
1653563,1670
1693724,1672
1715217,1669
1727,1667
1736670,1670
1756424,1666
1759402,1666
1790391,1669
1794987,1670
1835351,1670
1873197,1667
1895009,1670
1915367,1665
1948796,1671
195015,1670
1969042,1667
1988547,1670
2009131,1667
2034776,1666
206379,1669
217213,1672
221107,1666
248838,1665
281389,1671
322237,1666
329216,1667
330233,1671
352827,1672
379679,1669
405773,1665
528981,1669
559418,1669
564647,1671
564763,1667
602138,1665
636823,1671
640448,1665
676142,1670
708548,1667
73941,1665
74113,1665
744017,1669
746539,1672
7509,1666
784566,1672
808354,1671
810856,1670
921779,1665
935734,1670
958963,1673
986735,1667
1765460,1674
266949,1674
1695497,1675
1849226,1676
1923374,1676
1936557,1676
1887790,1677
27343,1677
518180,1677
1557125,1678
1618488,1678
1700037,1678
1064643,1679
1094939,1680
1774287,1679
305418,1680
410126,1680
767004,1679
79806,1680
902529,1680
1388104,1681
1410896,1681
549257,1681
1128580,1682
1221753,1683
1250941,1684
1300247,1685
1334972,1683
1381640,1686
1388162,1685
1399755,1687
1425469,1687
1427875,1687
1432187,1687
1514680,1687
1623035,1688
1643467,1686
174974,1689
1800174,1685
1912012,1687
1967769,1686
1970360,1690
2003921,1691
2037221,1692
220592,1693
273492,1687
286210,1686
291785,1683
36486,1683
393107,1682
444761,1686
462736,1685
530908,1686
583339,1682
647535,1683
703296,1685
731443,1682
74616,1682
779535,1682
810123,1686
821721,1683
856067,1686
918738,1682
941906,1683
947320,1682
985277,1685
992045,1685
1291862,1694
1478553,1694
1905460,1694
255269,1694
368123,1694
1139385,1695
1285384,1695
1796810,1696
2022204,1697
409623,1695
548151,1697
690877,1695
1017662,1698
1225156,1699
1464622,1699
1522163,1699
1528668,1699
846280,1699
855159,1699
1092832,1700
1102616,1701
1118027,1702
116446,1703
1191716,1703
1221080,1702
122704,1703
1292409,1702
1336358,1702
1339641,1702
1351786,1703
1446675,1700
1547391,1703
160977,1700
1633069,1700
1680940,1704
1749673,1705
1797386,1705
1843430,1706
1896535,1704
1899097,1705
1958633,1704
234695,1702
270294,1703
281976,1704
36415,1700
410107,1703
455359,1705
503736,1705
566139,1705
672918,1700
709987,1705
756153,1704
841206,1707
845051,1704
907043,1700
914298,1704
91683,1702
752256,1708
161781,1709
1764153,1710
818140,1710
985107,1710
1727869,1711
236573,1712
1346524,1713
139130,1714
2030062,1713
520046,1714
1082610,1715
1284024,1716
1378496,1715
1410786,1715
1432491,1717
151843,1717
1652912,1717
1792441,1717
255098,1715
322642,1716
520392,1716
697375,1716
862235,1716
1702399,1718
345707,1718
442891,1718
553559,1718
891456,1718
1429428,1719
1486793,1719
1827088,1720
404876,1719
526649,1720
1020418,1721
1028085,1721
1360715,1721
637018,1721
973383,1722
879534,1723
183920,1724
1147405,1725
1311571,1725
384823,1726
398386,1727
413484,1725
605197,1727
984067,1727
2065881,1728
838026,1729
1103965,1730
1196917,1731
1957184,1731
332566,1731
1598265,1732
1037962,1733
1095420,1734
1135276,1733
1153044,1733
1228166,1735
1229137,1734
1267456,1736
131179,1737
1314202,1734
1334111,1733
1358477,1733
1464155,1734
1609012,1738
161007,1739
166477,1739
1667132,1737
1717998,1738
1766974,1737
1797161,1735
1817483,1738
1829837,1739
1920820,1740
1929446,1738
1964725,1735
200851,1734
2028224,1734
2083046,1739
2096426,1738
213991,1733
285969,1735
351143,1733
418973,1739
514438,1735
591023,1738
682565,1738
776834,1739
796138,1734
816045,1739
827522,1734
842853,1735
878,1733
966340,1739
129114,1741
1380741,1741
446890,1741
1440295,1742
1762570,1742
1996760,1743
608152,1743
815642,1743
2010738,1744
1224859,1745
1633651,1745
2052295,1745
224471,1745
1079786,1746
1355372,1746
344019,1746
352070,1746
1311459,1747
391593,1747
1222234,1748
252556,1748
1229067,1749
1222479,1750
766218,1751
814577,1750
1206646,1752
1310461,1752
1796806,1752
865019,1752
1916403,1753
692349,1753
737363,1753
856455,1754
899077,1753
1106029,1755
2049559,1756
414676,1756
420345,1756
500451,1756
667374,1756
746010,1755
11297,1757
304726,1758
659110,1758
806371,1757
815184,1758
922955,1759
99250,1759
12030,1760
163676,1760
439277,1760
645116,1760
738579,1760
1115070,1761
1371819,1762
1385580,1761
1495221,1762
1661061,1762
1953413,1761
929088,1762
1925175,1763
209288,1764
97490,1764
1455657,1765
396049,1765
1330769,1766
1369240,1767
1635641,1767
1744199,1768
180539,1766
2036467,1769
2048678,1769
2078034,1768
310080,1766
503970,1768
923760,1767
959623,1766
1446290,1770
235226,1770
431086,1770
491520,1771
1367913,1772
1374345,1772
1741123,1772
1927129,1772
1073497,1773
1930315,1773
25873,1774
915689,1774
9565,1773
1039780,1775
1905048,1775
2088376,1775
855326,1775
1704953,1776
1771188,1777
1890848,1777
490983,1776
908932,1776
1767836,1778
2059961,1779
1596977,1780
868222,1781
976932,1781
1008236,1782
766183,1783
412282,1784
1739749,1785
2030935,1785
2072090,1786
2083172,1786
51893,1786
1364785,1787
1931298,1787
491082,1787
313835,1788
471413,1788
1241159,1789
1668273,1790
2063333,1789
557591,1790
655459,1789
863925,1790
870289,1791
1883384,1792
2056082,1792
20986,1792
1507036,1793
1581911,1794
1648100,1794
261976,1794
960769,1793
1264352,1795
1770473,1795
20098,1795
221553,1795
542027,1795
746574,1795
1485589,1796
1886601,1796
1724240,1797
2090041,1798
432979,1798
261021,1799
1792159,1800
416892,1800
844017,1800
1135791,1801
1439563,1801
1474620,1801
1626169,1802
1851545,1803
1963662,1801
2023392,1804
2049588,1803
336328,1804
431280,1805
477168,1805
1614973,1806
254576,1806
346577,1806
455086,1806
1123691,1807
1151517,1807
1888873,1808
552932,1807
1137349,1809
157523,1810
1977202,1810
821553,1810
91390,1810
427497,1811
960881,1811
1906760,1812
1264051,1813
1674612,1814
175040,1815
1836750,1815
474279,1814
833015,1815
9103,1814
1462740,1816
417570,1816
863011,1816
1216041,1817
2025656,1817
718869,1817
1218201,1818
15715,1819
1680353,1818
2037361,1820
377623,1820
570267,1818
748872,1820
1585206,1821
1164481,1822
1473470,1822
1643902,1822
2036809,1822
1017319,1823
1412369,1823
1476320,1824
398190,1823
685952,1823
844016,1824
880814,1824
906856,1824
1244134,1825
1688096,1825
1811915,1825
1828369,1825
1060238,1826
1287505,1826
2067526,1826
261452,1826
796491,1826
1861533,1827
1924631,1827
269714,1827
337056,1827
1762673,1828
1808584,1828
244005,1828
487563,1828
1020698,1829
1774518,1829
2050680,1829
543133,1829
1092525,1830
1183864,1830
126493,1830
1656756,1831
2013094,1831
433010,1832
770923,1832
929532,1832
745324,1833
2015300,1834
1323411,1835
1331662,1835
1463295,1836
1501359,1837
2032812,1836
465955,1836
99939,1836
1095464,1838
1171272,1838
168062,1838
1847046,1838
1209128,1839
1219615,1839
1738396,1839
1825862,1839
1402219,1840
615133,1840
68537,1840
822450,1840
890800,1840
110075,1841
1678214,1842
1035530,1843
309835,1843
95924,1843
1023704,1844
134375,1844
727878,1844
1147927,1845
1276365,1846
442451,1846
750724,1846
1196999,1847
1403341,1847
888391,1847
1446451,1848
1933667,1848
373254,1848
478931,1848
1043143,1849
1134427,1850
1318717,1849
135051,1850
1773176,1850
579897,1850
146890,1851
1332008,1852
1727893,1852
188145,1852
714317,1852
1853425,1853
1547036,1854
1844215,1854
197100,1854
982738,1855
1189602,1856
1570702,1857
264367,1857
1398668,1858
1597402,1858
272671,1858
567603,1858
1516513,1859
1737684,1859
2057127,1860
199211,1861
203354,1861
628864,1861
690012,1861
1871522,1862
278788,1862
308426,1863
442914,1864
785868,1862
128468,1865
1856291,1866
284632,1866
298320,1865
357743,1865
62885,1866
752767,1865
2069118,1867
1375106,1868
163330,1869
2056236,1868
268563,1869
513541,1870
577571,1871
651950,1870
725559,1869
825258,1870
879813,1868
1683806,1872
293893,1872
828311,1872
1990493,1873
327665,1873
528118,1873
789567,1873
1314271,1874
1287048,1875
1541685,1875
171066,1875
181968,1876
1845254,1876
1886565,1875
567412,1876
619428,1875
727598,1876
967171,1876
1567378,1877
1687464,1878
1692042,1878
2059110,1878
392160,1878
848245,1878
922969,1878
1141915,1879
119383,1880
1356350,1881
347430,1881
533015,1882
860426,1879
882177,1881
898709,1879
95112,1880
1258107,1883
1844758,1883
148522,1884
1628396,1884
347770,1885
486131,1884
1735326,1886
854341,1886
1660884,1887
1180823,1888
1512542,1888
822384,1888
1032029,1889
1045021,1890
1082547,1891
1098358,1892
1125646,1893
1217734,1894
1224245,1895
1234713,1896
1246650,1892
1346967,1891
1405426,1892
1410699,1897
143415,1892
1449824,1893
1490672,1891
153470,1895
1597320,1892
1683303,1893
1692925,1891
171002,1890
1749109,1898
1858381,1892
1923192,1899
1979024,1890
280439,1889
287831,1894
357245,1890
418150,1890
511781,1889
575771,1895
589598,1889
679297,1892
708080,1893
714380,1893
795257,1891
810735,1891
813636,1889
825466,1895
875863,1892
90317,1895
910939,1895
931049,1889
935776,1893
963148,1889
970160,1890
970490,1895
11311,1900
483106,1900
483896,1900
879255,1900
1202975,1901
1312945,1902
1834023,1901
1943189,1902
613971,1901
1783991,1903
1843348,1903
1361892,1904
162798,1905
1853381,1905
2081833,1905
240961,1905
1022772,1906
1034802,1906
1083901,1907
111118,1906
1132417,1908
1158948,1909
1166122,1910
1168991,1910
1215994,1911
1228230,1912
1230809,1907
1281551,1908
1356570,1913
1376839,1914
1411980,1915
1458636,1907
1460660,1911
1535918,1912
1579655,1914
1581087,1911
1594753,1916
1615853,1912
1620771,1907
1643702,1910
1681146,1908
1688395,1909
1700246,1912
170456,1915
1813111,1909
1825209,1909
1841510,1913
1846450,1914
1848459,1916
1858180,1913
1895027,1908
19249,1913
1952914,1916
1953077,1908
2007364,1913
240876,1915
249736,1910
2705,1907
365994,1911
376904,1907
396329,1912
400640,1906
427170,1915
445493,1916
451555,1911
458951,1906
502803,1912
514417,1916
515929,1913
533656,1914
536330,1915
55124,1911
587327,1914
590805,1916
620184,1916
631684,1906
645300,1908
67294,1906
675346,1910
692899,1910
803659,1908
80839,1909
829943,1915
866636,1908
910832,1915
951933,1910
968489,1909
969340,1907
972532,1913
988972,1909
1337447,1917
1463294,1917
1509959,1917
924719,1917
1825154,1918
1856774,1918
501640,1918
1703093,1919
487124,1919
523977,1920
1050367,1921
1243283,1921
1675114,1921
1981514,1921
466868,1921
171132,1922
2000496,1923
2047233,1923
2075534,1922
73058,1924
1826870,1925
40960,1926
1080969,1927
1170077,1928
1600469,1927
1629516,1927
1781070,1927
1787551,1927
1934078,1929
1935406,1927
521750,1927
644885,1927
774876,1929
974088,1929
1063806,1930
2045447,1930
308581,1930
947678,1930
1192408,1931
385618,1931
522032,1931
715073,1931
901652,1932
1235903,1933
2085269,1933
570540,1933
1263911,1934
1369183,1935
1630055,1934
30381,1934
1369966,1936
362987,1936
910810,1936
612084,1937
866007,1937
107173,1938
410496,1939
328350,1940
1216182,1941
1496354,1941
636327,1941
68565,1941
918005,1941
1415319,1942
1531160,1942
1603570,1942
1757903,1942
995104,1942
884260,1943
2062993,1944
1019775,1945
1254594,1946
1924479,1946
2061690,1945
286974,1946
1022722,1947
1457794,1947
1496213,1947
1707729,1947
1811210,1948
1038782,1949
1143660,1949
1401512,1949
651242,1949
1143933,1950
1252175,1950
1274841,1951
1320383,1952
1597382,1950
1646290,1953
816259,1950
1179412,1954
1510129,1954
163829,1955
1929109,1955
2093879,1955
315934,1955
792475,1954
844271,1955
1815158,1956
1890914,1956
734441,1956
89996,1956
97314,1957
1558970,1958
1718796,1959
1974140,1959
539609,1959
1314006,1960
270989,1961
329223,1962
668344,1962
1322523,1963
137608,1963
154595,1963
1971223,1963
386827,1963
651835,1963
1047819,1964
1921770,1965
449821,1964
480467,1964
1108132,1966
1455313,1967
1731054,1966
183761,1968
468242,1966
532442,1967
539386,1966
714076,1967
1528120,1969
1657247,1969
305229,1969
497553,1970
57021,1969
854553,1969
849521,1971
1589022,1972
1839291,1973
1944302,1974
399762,1972
1243564,1975
1774650,1975
1220535,1976
168368,1976
1814139,1976
436886,1977
486030,1976
562139,1977
1491271,1978
715332,1978
1350777,1979
1930301,1979
465853,1980
1407515,1981
432035,1981
502769,1981
834723,1981
1072382,1982
1644347,1982
1647710,1982
448949,1982
1181119,1983
137252,1984
1962802,1984
2083152,1985
524889,1984
603629,1986
1044391,1987
1931423,1987
446303,1987
868693,1987
874650,1988
1159079,1989
1209380,1989
1272536,1990
1468887,1989
253216,1989
42721,1991
847672,1989
1419296,1992
1904922,1992
935265,1992
1713815,1993
1711922,1994
1855710,1995
1736555,1996
1846955,1996
305217,1997
590079,1996
1108165,1998
1269117,1998
1748076,1998
546414,1998
665399,1998
946134,1999
12061,2000
14100,2000
15811,2000
543526,2000
1465836,2001
637544,2002
1293651,2003
1532837,2003
2048882,2004
541701,2003
678349,2005
824415,2003
1378623,2006
1434748,2006
145305,2006
307809,2006
112328,2007
1299736,2008
1466013,2009
1624143,2009
1683445,2010
1729946,2008
1732670,2008
1970273,2010
248850,2011
289304,2012
335895,2012
383773,2013
607632,2012
627904,2010
980947,2010
1399625,2014
1520883,2014
177160,2015
1900340,2015
2063759,2014
380913,2015
42555,2015
1574042,2016
1743013,2016
1763939,2016
910050,2016
1013867,2017
1552759,2017
1662990,2017
1715281,2017
2025534,2017
760316,2017
1539623,2018
2095051,2019
233887,2018
1379049,2020
2093498,2020
966528,2020
201463,2021
359163,2021
500247,2021
735026,2021
1160464,2022
1074970,2023
1061759,2024
1819576,2024
364951,2025
367611,2025
410130,2025
1159867,2026
1415477,2026
1810447,2027
1956918,2027
1635527,2028
1049103,2029
1984991,2029
217208,2030
292787,2030
715273,2030
1594269,2031
481736,2031
652247,2031
777472,2031
1975435,2032
2002872,2032
578682,2032
166723,2033
1692136,2033
1960968,2033
1156947,2034
1562191,2035
1846978,2036
1620233,2037
1567292,2038
1116214,2039
1344899,2040
1683856,2041
2080929,2041
505182,2041
777171,2041
1255767,2042
1841545,2043
2011569,2043
546985,2043
924677,2043
89618,2044
1140651,2045
1276449,2046
1541535,2046
836400,2045
113946,2047
1281274,2048
488095,2048
714072,2047
864833,2048
994721,2047
1311549,2049
1736017,2049
274315,2050
1625746,2051
1726489,2051
405999,2051
419717,2051
759216,2051
1687029,2052
1320098,2053
1428889,2053
1864260,2054
2096096,2055
564730,2055
573534,2056
1020386,2057
1083322,2058
1095309,2059
1096872,2060
1165217,2058
1165232,2061
122344,2062
1238953,2062
1246003,2063
1273281,2064
1332876,2063
1336607,2065
1341234,2066
135664,2067
1401338,2058
1411863,2066
1415232,2058
146186,2057
1483705,2065
1484109,2061
1588778,2063
1610310,2062
1648452,2064
1688271,2067
1695608,2067
1722376,2065
1727821,2064
173575,2061
1736898,2066
1788822,2064
1811495,2066
1815411,2063
1815486,2058
1859126,2063
18989,2063
1958435,2062
1959300,2066
2044640,2057
2063022,2065
209473,2064
227221,2065
233749,2060
304588,2062
348210,2058
348714,2067
392618,2065
395636,2062
406664,2060
414680,2057
452838,2057
460529,2063
485227,2058
540495,2061
547951,2066
560023,2063
661368,2060
747486,2057
787178,2066
861128,2058
875420,2061
903723,2060
911571,2064
930542,2064
939471,2061
949266,2062
951610,2057
975598,2060
1229466,2068
552191,2068
724552,2068
1028098,2069
1656523,2069
387633,2069
649155,2069
865742,2069
1668820,2070
1135172,2071
1888002,2071
194147,2071
620478,2072
660203,2071
1827524,2073
1896995,2073
625289,2073
118785,2074
141459,2074
1440453,2074
1524632,2075
1781546,2076
1857947,2075
1956928,2075
409137,2075
526361,2074
1081674,2077
1238170,2077
1293978,2077
2082974,2077
159418,2078
1689641,2078
1181952,2079
1296602,2080
1581253,2079
1775015,2080
180789,2081
188157,2080
1950138,2081
212805,2079
491409,2081
525690,2081
802758,2079
87021,2082
810212,2083
1027276,2084
1104264,2084
1566005,2084
2007515,2085
596157,2084
1057485,2086
1699001,2086
285099,2086
684997,2086
1205005,2087
469017,2087
819081,2087
903704,2087
1377591,2088
1898040,2088
2066313,2088
4773,2088
1377615,2089
1501470,2090
1853179,2091
901374,2091
943910,2090
1286289,2092
132781,2092
805435,2092
1758925,2093
671740,2093
1432249,2094
1290405,2095
181166,2095
2070089,2095
295158,2095
1314691,2096
1711758,2097
113153,2098
118601,2098
1376886,2098
1718291,2098
230553,2099
795970,2100
856425,2100
991697,2099
993849,2099
1517929,2101
1759759,2101
10371,2102
816686,2103
1415819,2104
1560783,2105
1866790,2105
2093425,2106
550794,2104
637878,2105
769058,2105
942243,2104
1760049,2107
1829433,2108
1831774,2108
596632,2108
963165,2108
1392770,2109
211669,2110
230313,2110
6162,2109
1055545,2111
1100918,2111
1982224,2111
292339,2112
1140239,2113
1482730,2113
620699,2113
752733,2113
1295719,2114
1765880,2114
639148,2114
910911,2114
1175281,2115
1244133,2115
166250,2115
186760,2115
633804,2115
1908029,2116
215422,2116
279854,2116
840480,2116
1314513,2117
1828090,2117
674952,2117
1517370,2118
1960662,2118
212022,2118
1490658,2119
1557119,2119
1693328,2119
670536,2120
727222,2120
1062421,2121
1473040,2122
1765165,2122
1816522,2121
617788,2123
878407,2121
157752,2124
1583272,2125
524840,2125
108559,2126
2091832,2127
1493237,2128
2042986,2128
2043641,2128
516705,2128
1279558,2129
1937289,2129
551143,2129
361919,2130
596343,2130
605486,2130
1097184,2131
129173,2132
1876603,2132
2015166,2131
445691,2132
695209,2132
871747,2132
628480,2133
1045174,2134
1517331,2134
1768165,2134
1956504,2134
2025045,2135
2093604,2134
962058,2134
1382429,2136
1491001,2136
1910777,2136
399477,2136
1511028,2137
750540,2137
1097988,2138
1428284,2138
96504,2139
571588,2140
832505,2141
1491187,2142
2057828,2142
729373,2142
1039702,2143
1027483,2144
136693,2144
1695941,2144
2056864,2144
697469,2144
675612,2145
869478,2145
1628253,2146
590879,2147
193091,2148
474586,2149
130373,2150
1375945,2151
1536451,2150
161411,2151
1757396,2150
33136,2152
799114,2150
810862,2151
81921,2151
992928,2152
1078883,2153
1659807,2153
130895,2154
535082,2155
936244,2156
1539142,2157
1969388,2158
598194,2157
925094,2157
1317574,2159
1510967,2159
1742829,2159
1946546,2160
546233,2159
1820085,2161
1879195,2162
443085,2162
735477,2162
1172699,2163
1342989,2164
1577212,2163
1807704,2163
1945950,2165
354785,2164
446479,2163
659961,2164
691411,2165
1301820,2166
1741458,2166
810833,2166
97393,2166
1334702,2167
1906057,2167
209419,2168
663266,2168
103422,2169
1155936,2169
1340628,2169
1645904,2169
691191,2169
1136377,2170
1350021,2171
302996,2172
1052955,2173
1682847,2173
1907385,2173
510119,2173
780482,2173
1996147,2174
598945,2175
714788,2174
1233831,2176
2020630,2176
656123,2176
96203,2176
2039032,2177
217701,2178
600044,2179
1066624,2180
1109916,2180
1917119,2181
742578,2181
86614,2181
962522,2181
1034322,2182
1196711,2183
1324567,2183
1687201,2183
1713404,2183
64304,2183
1126814,2184
1142698,2184
1797389,2184
1697657,2185
603369,2186
710974,2186
1398476,2187
289544,2187
1767796,2188
2027222,2188
461178,2189
492765,2189
610522,2189
1182572,2190
1254510,2190
346310,2190
617164,2190
924388,2190
238807,2191
255712,2191
633081,2191
1371861,2192
1373614,2192
1804733,2192
539562,2192
1119879,2193
113536,2194
1319602,2194
1518270,2195
1589170,2195
1614473,2196
211472,2197
238547,2194
302771,2194
416647,2195
425037,2198
428418,2195
845597,2194
871433,2197
996950,2198
1385104,2199
564169,2200
1107698,2201
1253108,2202
1982133,2202
2047018,2201
2067907,2201
33030,2203
473436,2201
590785,2202
894080,2204
1151723,2205
1190140,2205
1296473,2205
1835861,2206
2037862,2205
356903,2206
361239,2205
1652795,2207
1887458,2207
709833,2207
1171588,2208
1236996,2208
166855,2209
1895416,2209
191735,2209
700896,2208
756207,2208
1058644,2210
1478594,2211
615627,2211
211581,2212
44621,2212
557891,2212
648291,2212
1357059,2213
1876730,2213
311788,2213
1318910,2214
1690685,2215
596672,2216
713519,2217
1295908,2218
1106024,2219
1328062,2219
1725042,2219
270465,2220
824041,2219
1427861,2221
187260,2221
2016064,2222
23899,2223
300794,2223
518859,2223
921700,2224
1150140,2225
1205855,2226
139452,2227
1531435,2226
1624488,2225
349713,2226
575013,2227
1206441,2228
1596600,2228
1963788,2228
905400,2228
1687109,2229
1759070,2230
979599,2229
1947452,2231
347929,2231
880281,2231
946785,2231
1420053,2232
1796388,2232
98500,2232
1518067,2233
1678482,2234
1985939,2233
2049817,2234
2070119,2233
250430,2234
405002,2234
932809,2233
1795965,2235
2018584,2235
1516483,2236
163791,2237
1789940,2238
1528850,2239
1980754,2239
682722,2239
814523,2239
836420,2239
1165018,2240
1425300,2241
1565792,2241
1865730,2242
468434,2241
570456,2241
1055682,2243
1731980,2243
1899215,2244
443721,2243
692554,2243
807812,2243
1225213,2245
1242683,2245
1427587,2245
1672767,2245
811009,2246
1155470,2247
1838691,2248
32993,2248
569502,2248
845135,2249
854271,2248
948459,2247
1428368,2250
174348,2251
1823379,2252
2047184,2250
438404,2250
492817,2250
780921,2251
831322,2250
881585,2251
1431936,2253
1657640,2253
1584822,2254
1772512,2255
1909876,2256
2081604,2254
296394,2256
448990,2256
578244,2256
1551150,2257
170270,2257
476387,2257
687983,2257
845960,2257
1486420,2258
1951032,2258
1989115,2258
801477,2258
1679381,2259
1980233,2259
2059479,2259
359592,2259
1497281,2260
788735,2261
1058643,2262
165943,2262
279326,2262
520679,2262
1280996,2263
243033,2263
250805,2263
58897,2263
173232,2264
1931591,2265
309261,2265
31954,2265
1520987,2266
1999088,2266
239673,2266
669970,2266
709279,2267
1483829,2268
339461,2269
1666428,2270
277883,2270
867873,2270
922651,2270
1137078,2271
2071009,2271
47773,2271
1146988,2272
627378,2272
760539,2272
1188711,2273
377757,2273
734438,2273
876933,2273
1045425,2274
1500984,2274
1119534,2275
117066,2275
1220077,2275
222155,2276
482625,2276
520524,2277
746567,2276
842645,2275
887771,2276
1095099,2278
573237,2279
1710343,2280
685884,2281
96285,2280
1048959,2282
1459639,2283
1955928,2283
512609,2284
166368,2285
1822104,2285
1915992,2285
333113,2285
1752123,2286
2021040,2286
460752,2286
473285,2286
1778857,2287
1785847,2287
1535398,2288
1850052,2288
322684,2288
395589,2288
562787,2288
1671779,2289
1957957,2289
874070,2290
1044611,2291
1189267,2291
184216,2291
2043831,2291
764182,2291
1186904,2292
2083653,2293
851555,2292
1475268,2294
478999,2294
403432,2295
1118117,2296
1265366,2296
1287457,2296
378875,2296
1539356,2297
1610283,2297
404079,2298
812472,2298
1620496,2299
1936602,2299
1947014,2299
848155,2299
904539,2299
1651667,2300
1673898,2300
1764981,2300
284015,2300
41629,2300
646717,2300
232620,2301
359283,2301
419271,2301
567670,2301
1854510,2302
459917,2302
464613,2303
104120,2304
1246261,2305
1650280,2304
1669211,2305
1814974,2305
1919993,2306
1997761,2304
2002193,2305
281145,2306
565351,2307
584464,2305
645755,2304
864382,2304
1224221,2308
1450402,2308
1711044,2308
1495984,2309
1755750,2309
352086,2309
892578,2309
1201916,2310
1278729,2311
1361519,2311
1766609,2312
1993871,2311
780915,2312
1599181,2313
1968164,2313
730966,2313
861673,2313
1456874,2314
2022703,2315
2065333,2316
2073899,2316
539385,2316
1027797,2317
1563921,2317
274880,2317
1573071,2318
387139,2318
545196,2319
568852,2318
82707,2320
1053453,2321
871672,2321
1142664,2322
1399307,2322
819869,2322
1880065,2323
726680,2324
1022072,2325
1383071,2326
1512958,2325
1720344,2326
821176,2326
1127780,2327
1216982,2327
153953,2327
2039001,2327
2059488,2328
583967,2327
1724998,2329
17612,2330
2672,2330
966656,2329
217095,2331
1095102,2332
1592785,2332
1606701,2333
1729991,2333
1753569,2332
51523,2333
648000,2333
730487,2332
1420417,2334
1456081,2335
1466831,2335
1479240,2336
1574620,2335
317825,2335
1719710,2337
1932102,2337
593137,2337
1323905,2338
1031930,2339
1469109,2339
1813385,2339
2061347,2339
257735,2339
1594508,2340
336338,2341
227192,2342
1009525,2343
171536,2343
1115919,2344
1118450,2345
1447331,2344
1993958,2346
921294,2344
1577478,2347
310642,2347
391164,2347
570749,2348
167523,2349
469357,2350
860381,2351
903174,2352
1149884,2353
1363727,2354
1225831,2355
1749274,2355
229165,2355
260018,2355
1576452,2356
1088533,2357
122907,2358
1248154,2358
1760095,2358
546321,2358
1743546,2359
1242773,2360
1391753,2361
1828874,2361
517885,2361
611287,2361
72254,2361
141039,2362
1824533,2362
588356,2362
92666,2362
1069800,2363
14290,2364
1473900,2363
1504179,2365
1871023,2364
234320,2364
983958,2364
1502858,2366
591639,2366
1784467,2367
1216773,2368
1406001,2368
884921,2368
1030805,2369
1782426,2370
1037450,2371
1083077,2371
1573919,2372
1606634,2372
1613418,2373
1847830,2371
199342,2372
368533,2371
630617,2372
677180,2372
950168,2372
953856,2371
969766,2373
1669163,2374
1829612,2374
517533,2374
694642,2374
1678754,2375
169093,2375
291624,2375
475447,2375
956179,2375
896061,2376
1209234,2377
1400744,2377
1502547,2377
1350073,2378
1406861,2378
1515197,2378
1594599,2378
1624962,2379
1926412,2379
330649,2379
380073,2379
926364,2378
1509197,2380
978893,2380
1196231,2381
1707341,2381
1807033,2381
754726,2381
1284960,2382
2074808,2382
342549,2383
747874,2382
2000894,2384
522186,2384
1015390,2385
1699779,2385
63549,2385
1010732,2386
1023477,2387
1039958,2388
106773,2389
1124207,2390
1276862,2391
1485118,2390
1506038,2388
1539679,2389
1576195,2387
1730737,2388
1802636,2389
1828054,2388
1852009,2390
1887398,2389
1894509,2390
318235,2387
410505,2386
453253,2388
527263,2390
612324,2389
613750,2386
617679,2388
630239,2386
665331,2389
678292,2390
717547,2389
718607,2387
88315,2387
883270,2386
896882,2386
945257,2387
1554806,2392
1885017,2393
1317846,2394
1538447,2395
1932440,2395
195445,2395
291269,2395
691965,2395
702499,2394
1394901,2396
185655,2397
1860913,2398
1978512,2399
641397,2399
717052,2397
893833,2397
1820804,2400
23258,2400
251539,2400
1275173,2401
137622,2402
1524136,2401
1527648,2403
1998550,2403
2087553,2403
46423,2401
704004,2403
1401754,2404
373764,2404
415286,2404
786362,2404
1154392,2405
1751094,2405
1862792,2405
1234761,2406
2031481,2407
358018,2408
496882,2408
556129,2407
616886,2408
647774,2407
1059177,2409
13052,2409
1343302,2410
1852869,2410
2048537,2410
258314,2409
406961,2410
111975,2411
1472727,2411
793703,2411
1984722,2412
822936,2413
912624,2412
1163363,2414
1334458,2414
1504153,2414
1671079,2414
818409,2415
120407,2416
1620753,2417
1648321,2416
1714293,2416
1882651,2417
246884,2416
291511,2417
43833,2417
575148,2416
1685871,2418
1990563,2418
1088678,2419
1360503,2420
1402231,2420
1764969,2420
1968346,2420
119808,2421
1422571,2421
287839,2421
1374949,2422
791316,2422
1120019,2423
1361869,2423
1442430,2423
751565,2423
1171244,2424
1295630,2424
108622,2425
1309149,2426
1413464,2425
199491,2425
22713,2425
509878,2425
126850,2427
1641509,2427
347110,2427
1196605,2428
1458508,2429
543291,2429
390112,2430
688489,2430
1394572,2431
317167,2432
488651,2433
581500,2431
982081,2431
422300,2434
455752,2435
1207988,2436
1416116,2437
1822482,2436
1988493,2438
835640,2438
1312372,2439
1751389,2440
1909440,2440
1950073,2439
434825,2440
770804,2439
1790293,2441
1933119,2441
818521,2441
1688901,2442
414135,2442
476635,2442
588529,2442
1425064,2443
181229,2443
7680,2443
928194,2443
1024864,2444
1152327,2444
1176894,2444
1207949,2444
671536,2444
1548729,2445
2048286,2445
266590,2445
1010409,2446
415925,2446
681480,2447
983170,2448
1505513,2449
750163,2450
1217570,2451
1535493,2451
154530,2452
1858400,2451
500358,2451
740139,2453
1201562,2454
1323128,2455
1721903,2456
1738952,2457
1898686,2458
1968885,2455
257276,2456
289193,2454
457590,2455
621499,2456
896833,2454
217385,2459
687631,2460
1198310,2461
1446235,2461
553665,2461
66725,2461
130292,2462
1523470,2462
1906309,2462
396176,2462
1167255,2463
1693244,2463
258464,2464
74766,2464
1051684,2465
1781105,2466
503822,2467
1316642,2468
297564,2468
642869,2468
2037687,2469
220382,2470
233251,2470
577784,2469
1115809,2471
1372248,2471
1585018,2471
1766909,2471
1867519,2471
332770,2471
1379144,2472
1467688,2473
1554984,2472
1606602,2472
1679080,2473
1960504,2473
2000782,2472
2054939,2473
36938,2473
523641,2474
1658611,2475
1991041,2475
365848,2475
1094972,2476
1118385,2476
1252410,2476
1326699,2476
1696753,2477
386585,2478
847749,2476
1046518,2479
1367143,2479
1555319,2479
1100779,2480
203267,2480
1460426,2481
191538,2481
411231,2481
630509,2481
557608,2482
1614854,2483
1482891,2484
1509108,2484
1614842,2484
1722100,2484
333160,2484
365259,2485
1856072,2486
330178,2486
1034525,2487
1649735,2487
1946527,2488
2092930,2488
403840,2488
60633,2489
1557138,2490
175246,2490
1863024,2490
302008,2490
752231,2491
1006879,2492
1161861,2492
1243126,2492
271017,2493
1991592,2494
324556,2495
1002298,2496
129051,2497
1506051,2496
1774782,2497
300107,2497
732567,2497
83912,2496
921888,2498
474843,2499
1723967,2500
1274574,2501
203569,2501
686620,2501
1135698,2502
1234250,2502
1734511,2502
1888362,2502
502192,2502
593798,2503
1441834,2504
1694684,2504
260080,2504
272033,2505
1072884,2506
1561391,2507
736288,2508
1360635,2509
475197,2510
1243032,2511
2001629,2511
522415,2511
1071523,2512
1104936,2512
1223924,2512
1307715,2512
1322226,2512
1336280,2512
140935,2512
1421817,2512
14916,2512
1555391,2512
1556239,2512
1574091,2512
160988,2512
1618002,2512
1623196,2512
1718705,2512
1753321,2512
1753347,2512
1796573,2512
1872559,2512
194305,2512
1983198,2512
2005317,2512
2026631,2512
2059292,2512
250958,2512
277328,2512
294250,2512
407415,2512
508780,2512
551933,2512
570247,2512
58518,2512
589448,2512
675616,2512
698636,2512
705173,2512
833313,2512
835980,2512
857616,2512
974337,2512
988355,2512
575508,2513
1003429,2514
1007782,2514
1065976,2514
1130591,2514
1165756,2514
120394,2514
129113,2514
1332925,2514
1336047,2514
1386224,2514
1440279,2514
1479205,2514
1527025,2514
1529254,2514
1569172,2514
1575235,2514
1630646,2514
171566,2514
1749456,2514
176233,2514
1788092,2514
1792869,2514
1873203,2514
1878171,2514
1906645,2514
1949874,2514
1967677,2514
1982027,2514
2009792,2514
2076332,2514
2081811,2514
337015,2514
446534,2514
468864,2514
555404,2514
578697,2514
587738,2514
646245,2514
681305,2514
781978,2514
84567,2514
860499,2514
916289,2514
968455,2514
1043977,2515
1284707,2515
1310184,2515
1349624,2515
1477321,2515
1515770,2515
1554663,2515
1573624,2515
1599137,2515
1692091,2515
1702332,2515
1808137,2515
1858783,2515
1889140,2515
189118,2515
1931562,2515
1937995,2515
2004297,2515
2015054,2515
2019049,2515
202508,2515
246421,2515
256838,2515
270108,2515
301270,2515
344211,2515
362183,2515
488553,2515
568810,2515
594162,2515
595512,2515
686079,2515
748518,2515
772909,2515
773980,2515
813534,2515
842189,2515
969991,2515
976785,2515
122981,2516
1785546,2517
1128200,2518
29706,2518
41036,2518
759991,2518
768816,2518
395694,2519
904007,2520
1545631,2521
523801,2521
1002336,2522
1050626,2522
116607,2522
1171097,2522
1207278,2522
1222166,2522
1277482,2522
1295850,2522
1401500,2522
1402099,2522
1411770,2522
1496912,2522
1502642,2522
168805,2522
1694938,2522
1727751,2522
1729790,2522
174424,2522
1787422,2522
1854279,2522
1916497,2522
1972355,2522
2089647,2522
236252,2522
293706,2522
306168,2522
383467,2522
506419,2522
564103,2522
582025,2522
870287,2522
894204,2522
952396,2522
986747,2522
1038231,2523
1097275,2524
1491611,2524
1713236,2524
1926347,2525
801511,2524
956251,2524
1279689,2526
2001487,2526
29232,2526
370437,2526
841407,2526
1065883,2527
1109589,2527
1164383,2527
1222078,2527
1331081,2527
1432584,2527
1524688,2527
1571610,2527
1571736,2527
1667860,2527
1706656,2527
1736001,2527
1787735,2527
1806858,2527
1844402,2527
1887414,2527
1894219,2527
1916489,2527
1982465,2527
2005669,2527
2082204,2527
237255,2527
298175,2527
354407,2527
423159,2527
540937,2527
543690,2527
603810,2527
651191,2527
71913,2527
785325,2527
791077,2527
794198,2527
874286,2527
941561,2527
1150130,2528
1890453,2528
1924952,2528
1852033,2529
947419,2530
1929624,2531
1132882,2532
567024,2532
731580,2532
1401329,2533
1127609,2534
1231738,2534
1259765,2534
1276527,2534
1395391,2534
1515343,2534
1611603,2534
1700607,2534
1758848,2534
1761460,2534
1804033,2534
1851993,2534
1925454,2534
1929489,2534
1975844,2534
1987894,2534
1993646,2534
2004757,2534
2015476,2534
2027740,2534
20745,2534
255220,2534
341817,2534
380121,2534
552331,2534
584961,2534
610496,2534
619301,2534
637588,2534
702761,2534
707811,2534
750943,2534
816619,2534
965639,2534
1081428,2535
1082533,2535
1162574,2535
128371,2535
1322302,2535
1339096,2535
1351989,2535
1389731,2535
1459217,2535
1460303,2535
1502313,2535
1503483,2535
1593451,2535
1634902,2535
1905467,2535
1956391,2535
2015092,2535
219473,2535
247719,2535
289879,2535
31304,2535
377475,2535
440750,2535
467295,2535
530499,2535
613835,2535
621723,2535
668586,2535
75473,2535
824431,2535
843582,2535
870414,2535
892938,2535
114462,2536
1880302,2537
1528827,2538
351891,2538
455733,2538
840146,2538
876940,2538
1520446,2539
1269018,2540
925219,2541
1803738,2542
201393,2543
1599421,2544
1799156,2544
1912538,2544
204334,2544
260449,2544
776998,2544
906672,2544
241275,2545
1396634,2546
1995877,2546
2082556,2546
736285,2546
807150,2546
833215,2546
958740,2546
1062209,2547
699809,2547
884409,2547
1293802,2548
149248,2548
1658679,2548
585722,2549
1044665,2550
1971924,2550
230129,2550
700462,2550
872187,2550
1122884,2551
1081334,2552
1162307,2552
2051376,2552
887872,2552
1038892,2553
1041478,2553
1159870,2553
124441,2553
1309055,2553
1350376,2553
1358860,2553
1364488,2553
1390642,2553
1570276,2553
1635915,2553
1644402,2553
1708002,2553
1742503,2553
1784014,2553
1872848,2553
1938686,2553
2047906,2553
2056066,2553
2085681,2553
229760,2553
245363,2553
284127,2553
378256,2553
408906,2553
508963,2553
543006,2553
611447,2553
651308,2553
661984,2553
668872,2553
763108,2553
771453,2553
887530,2553
955733,2553
972182,2553
988181,2553
1322472,2554
146719,2555
1643625,2555
359044,2555
396118,2555
1122941,2556
1502925,2556
576890,2556
584252,2556
920764,2556
1376643,2557
1527767,2557
206009,2557
2085080,2557
1439666,2558
215220,2558
77985,2559
1024278,2560
1035959,2560
1120873,2560
1143968,2560
1437890,2560
1441476,2560
1470065,2560
1565670,2560
159163,2560
1618163,2560
1744582,2560
1751339,2560
1797536,2560
1800769,2560
1877850,2560
1897655,2560
2087246,2560
238484,2560
255291,2560
273547,2560
309525,2560
333607,2560
367267,2560
390998,2560
423274,2560
437406,2560
547322,2560
596216,2560
840930,2560
938483,2560
960169,2560
671868,2561
1316634,2562
1339814,2562
1523741,2562
188906,2562
665055,2562
320392,2563
2011512,2564
554218,2565
1410952,2566
1600300,2566
1634102,2566
2032594,2566
525168,2566
746798,2566
780945,2566
1922662,2567
1834564,2568
2019257,2568
224606,2568
441240,2568
1127216,2569
1187061,2569
1562186,2569
1843798,2569
454701,2569
494252,2569
720589,2569
404087,2570
47441,2571
930960,2572
1806795,2573
510696,2573
564674,2573
612250,2573
73977,2573
858578,2573
958431,2573
1195510,2574
1328785,2575
1507513,2575
272432,2575
643997,2575
2030871,2576
1321313,2577
1901230,2577
1905354,2577
560932,2577
1065343,2578
1089302,2578
1116893,2578
1129933,2578
1200791,2578
1325621,2578
1449007,2578
1467311,2578
1475013,2578
1487365,2578
1627468,2578
1646453,2578
1686979,2578
1744341,2578
1768434,2578
1832566,2578
1944047,2578
2033274,2578
208111,2578
223540,2578
234704,2578
264546,2578
284117,2578
307026,2578
384461,2578
406905,2578
432971,2578
464204,2578
529543,2578
596085,2578
690747,2578
742660,2578
801052,2578
827532,2578
911356,2578
915404,2578
1362999,2579
1594339,2579
161437,2579
1780984,2579
275392,2579
1858909,2580
1033080,2581
1039546,2581
1043632,2581
1099456,2581
119769,2581
1200913,2581
120395,2581
123736,2581
1357705,2581
1376135,2581
142484,2581
1507270,2581
1535709,2581
1536913,2581
1569944,2581
1743710,2581
1746062,2581
1767476,2581
1880273,2581
22302,2581
275071,2581
275309,2581
361623,2581
389062,2581
390713,2581
436,2581
454659,2581
498990,2581
510486,2581
519433,2581
595416,2581
610033,2581
664290,2581
664579,2581
685723,2581
691481,2581
786543,2581
816120,2581
820353,2581
904119,2581
914685,2581
952853,2581
971885,2581
849807,2582
1685422,2583
1198178,2584
1788664,2584
453840,2584
867286,2584
1078782,2585
1084844,2585
1155375,2585
1223245,2585
1240651,2585
1265098,2585
1275178,2585
1306931,2585
1326004,2585
1337155,2585
143159,2586
1532450,2585
1541863,2585
1564557,2585
1620988,2585
163905,2585
1702844,2585
171580,2585
1715971,2586
1722945,2586
1729345,2586
1843796,2585
1863151,2585
1864772,2585
1976732,2585
1978182,2585
2023167,2585
2037599,2585
2079054,2585
244233,2586
254060,2585
257199,2585
311504,2585
321688,2585
382408,2585
487801,2585
518888,2585
525149,2586
547746,2585
549739,2585
734884,2585
798609,2585
857114,2585
86514,2585
89827,2585
91552,2585
966510,2585
99371,2585
996825,2585
1288884,2587
1178973,2588
40410,2588
430724,2588
636407,2588
84678,2588
1315890,2589
1740121,2589
1993284,2589
228566,2589
312905,2589
321864,2590
1667325,2591
2043478,2592
74204,2593
521178,2594
1035153,2595
1169300,2595
1169559,2595
118662,2595
1269418,2595
1329931,2595
1345790,2595
1378176,2595
1391249,2595
1480081,2595
1481699,2595
1531776,2595
1556680,2595
15755,2595
1687952,2595
1789765,2595
1889880,2595
1920806,2595
1949081,2595
2022346,2595
2041158,2595
231019,2595
253121,2595
325464,2595
451212,2595
463801,2595
484729,2595
494000,2595
647471,2595
71625,2595
739587,2595
747056,2595
869116,2595
924693,2595
952892,2595
905938,2596
1436347,2597
1487775,2597
1672180,2597
327664,2597
569511,2597
1003392,2598
1060545,2598
1072988,2598
1126372,2598
1165979,2598
1214689,2598
1240231,2598
130479,2598
1332781,2598
1366161,2598
1417237,2598
1530629,2598
1541776,2598
1543533,2598
15490,2598
1563610,2598
1574391,2598
161071,2598
1626469,2598
1630045,2598
1664117,2598
1679714,2598
1872654,2598
1873144,2598
187692,2598
1917187,2598
1950762,2598
195664,2598
2070394,2598
2074636,2598
275440,2598
280057,2598
368047,2598
399712,2598
429192,2598
56627,2598
588544,2598
60390,2598
669199,2598
685081,2598
773078,2598
874468,2598
874532,2598
991984,2598
532203,2599
1728248,2600
1635041,2601
1706569,2602
330183,2602
525464,2602
645268,2602
1733342,2603
321221,2603
948452,2604
1226322,2605
1325110,2605
1784314,2605
231100,2605
407716,2606
516298,2606
1297591,2607
1986669,2607
243048,2607
623702,2607
788497,2607
859741,2607
1022339,2608
1707018,2608
2090710,2608
387010,2608
461180,2608
1180843,2609
1814168,2609
1469139,2610
1760458,2610
676274,2610
1384212,2611
1520054,2611
1747815,2611
1964698,2611
605315,2611
85584,2611
1457313,2612
1644823,2612
260314,2612
530079,2612
1151026,2613
1636956,2613
486767,2613
1232645,2614
2075406,2614
259236,2614
298393,2614
686305,2614
748193,2614
1589024,2615
241490,2615
496842,2615
1385507,2616
1826884,2616
1976289,2616
352535,2616
60042,2616
814498,2616
957896,2616
1193976,2617
1764082,2617
666291,2617
50126,2618
641516,2618
122426,2619
1891308,2619
2094468,2619
441492,2619
481638,2619
673087,2619
1928075,2620
611274,2620
807801,2620
1865375,2621
2073381,2621
41035,2621
549394,2622
733557,2622
842328,2622
959101,2622
1059148,2623
1466759,2623
830550,2623
1240892,2624
210617,2624
34522,2624
1123817,2625
182449,2625
2036701,2625
34936,2625
1190838,2626
1386980,2626
1405427,2626
1488117,2626
1570913,2626
1731332,2626
851421,2626
1397828,2627
1827709,2627
1771428,2628
1789921,2628
1958692,2628
2088508,2628
574985,2628
1188775,2629
122566,2629
1336981,2629
111378,2630
1319906,2630
162417,2630
1915886,2630
768446,2630
1623195,2631
1850952,2631
504085,2631
777155,2631
1220171,2632
462367,2632
908358,2632
941716,2632
158818,2633
675378,2633
122838,2634
1340222,2634
1473321,2634
1476464,2634
970913,2634
1504228,2635
1643707,2635
1989148,2635
374188,2635
1552998,2636
2052846,2636
230413,2636
571266,2636
